timestamp,actual_utilization,reference_prediction,wind_spd_west
2020-01-15 01:00:00,0.116,0.2877,10.9
2020-01-19 21:00:00,0.1148,0.3164,10.5
2020-01-22 08:00:00,0.0819,0.2631,7.8
2020-01-26 02:00:00,0.1709,0.3481,8.4
2020-01-28 05:00:00,0.1126,0.3251,11.0
2020-01-28 06:00:00,0.2084,0.4188,12.7
2020-01-28 08:00:00,0.0778,0.2633,9.6
2020-02-03 05:00:00,0.1717,0.3974,8.1
2020-02-03 06:00:00,0.1529,0.3736,6.7
2020-02-03 07:00:00,0.1793,0.3457,7.2
2020-02-09 08:00:00,0.1716,0.3386,12.7
2020-02-11 18:00:00,0.0681,0.2987,7.5
2020-02-11 20:00:00,0.0741,0.3846,8.0
2020-02-11 21:00:00,0.1389,0.4182,8.2
2020-02-12 00:00:00,0.2574,0.4293,8.2
2020-02-13 02:00:00,0.154,0.3266,8.0
2020-02-13 05:00:00,0.0591,0.3024,6.5
2020-02-13 06:00:00,0.0528,0.353,7.0
2020-02-17 00:00:00,0.6163,0.8109,17.6
2020-02-17 01:00:00,0.627,0.8023,18.6
2020-02-17 09:00:00,0.6394,0.7969,18.1
2020-02-21 12:00:00,0.1641,0.3264,7.6
2020-02-22 01:00:00,0.4114,0.5931,14.7
2020-02-22 11:00:00,0.2439,0.4184,9.2
2020-02-22 13:00:00,0.1635,0.3514,9.0
2020-02-22 16:00:00,0.3462,0.5939,10.4
2020-02-24 14:00:00,0.3589,0.5104,8.8
2020-02-25 08:00:00,0.4055,0.5782,9.6
2020-03-02 12:00:00,0.2031,0.4125,9.8
2020-03-02 14:00:00,0.1366,0.2921,9.0
2020-03-02 23:00:00,0.0953,0.2517,5.3
2020-03-03 17:00:00,0.128,0.2922,9.2
2020-03-03 20:00:00,0.1358,0.3403,8.2
2020-03-03 21:00:00,0.1113,0.4244,9.7
2020-03-03 22:00:00,0.1278,0.398,10.2
2020-03-04 00:00:00,0.1005,0.2515,7.4
2020-03-04 03:00:00,0.2586,0.4627,8.1
2020-03-04 13:00:00,0.3171,0.4979,12.1
2020-03-06 03:00:00,0.1193,0.2926,5.6
2020-03-11 13:00:00,0.246,0.4037,10.8
2020-03-11 14:00:00,0.2733,0.46,11.3
2020-03-11 15:00:00,0.2825,0.4354,10.0
2020-03-11 16:00:00,0.3524,0.5525,11.5
2020-03-12 04:00:00,0.0439,0.2387,4.0
2020-03-12 21:00:00,0.1418,0.2957,6.5
2020-03-13 01:00:00,0.0461,0.2027,3.3
2020-03-14 12:00:00,0.1719,0.404,11.5
2020-03-14 13:00:00,0.1851,0.4786,13.3
2020-03-14 14:00:00,0.1509,0.7041,15.2
2020-03-14 15:00:00,0.1564,0.7137,14.5
2020-03-14 16:00:00,0.4323,0.7355,14.4
2020-03-14 19:00:00,0.4111,0.5699,12.1
2020-03-14 21:00:00,0.2709,0.513,12.0
2020-03-14 22:00:00,0.3648,0.5861,13.5
2020-03-14 23:00:00,0.4053,0.5967,15.6
2020-03-15 11:00:00,0.295,0.6303,14.8
2020-03-15 12:00:00,0.2046,0.6635,17.1
2020-03-15 13:00:00,0.216,0.6748,16.6
2020-03-15 14:00:00,0.2495,0.7122,15.9
2020-03-15 15:00:00,0.231,0.7208,14.7
2020-03-15 16:00:00,0.467,0.6592,13.9
2020-03-17 10:00:00,0.0954,0.2648,5.3
2020-03-18 22:00:00,0.2186,0.4455,6.9
2020-03-19 16:00:00,0.3727,0.5865,14.6
2020-03-21 05:00:00,0.1146,0.3278,6.2
2020-03-21 06:00:00,0.0652,0.2477,5.5
2020-03-21 09:00:00,0.1092,0.2723,6.2
2020-03-25 19:00:00,0.1336,0.3315,6.1
2020-03-26 06:00:00,0.2166,0.5907,8.3
2020-03-26 20:00:00,0.2027,0.3751,5.6
2020-03-27 05:00:00,0.0483,0.2229,8.5
2020-04-13 12:00:00,0.4079,0.5614,17.3
2020-04-13 13:00:00,0.3852,0.5532,16.2
2020-04-16 13:00:00,0.1545,0.366,8.0
2020-04-16 14:00:00,0.129,0.3493,7.6
2020-04-16 19:00:00,0.2624,0.4821,7.7
2020-04-16 22:00:00,0.2457,0.4987,7.6
2020-04-17 00:00:00,0.3826,0.594,9.5
2020-04-17 01:00:00,0.4349,0.6254,8.7
2020-04-17 03:00:00,0.4178,0.5799,8.9
2020-04-17 07:00:00,0.3141,0.4954,7.9
2020-04-17 16:00:00,0.2094,0.4162,9.7
2020-04-18 01:00:00,0.1604,0.3339,8.8
2020-04-18 04:00:00,0.3365,0.5809,12.8
2020-04-19 06:00:00,0.3585,0.5101,8.3
2020-04-19 07:00:00,0.1674,0.4474,7.0
2020-04-21 12:00:00,0.294,0.4719,13.8
2020-04-21 13:00:00,0.1683,0.5086,14.2
2020-04-21 14:00:00,0.2333,0.4677,13.4
2020-04-22 11:00:00,0.2489,0.4587,12.4
2020-04-22 12:00:00,0.177,0.4322,12.3
2020-04-22 13:00:00,0.1305,0.4331,13.0
2020-04-22 14:00:00,0.1497,0.6232,14.5
2020-04-22 15:00:00,0.289,0.6356,14.6
2020-04-23 04:00:00,0.3132,0.5154,12.3
2020-04-24 01:00:00,0.2154,0.4511,11.3
2020-04-24 02:00:00,0.2509,0.439,11.0
2020-04-25 10:00:00,0.251,0.6005,10.6
2020-04-25 11:00:00,0.057,0.5742,11.4
2020-04-25 12:00:00,0.0286,0.5858,10.3
2020-04-25 13:00:00,0.0308,0.5835,10.4
2020-04-25 14:00:00,0.0327,0.6366,10.3
2020-04-25 15:00:00,0.1165,0.4421,10.4
2020-04-25 16:00:00,0.321,0.6788,10.1
2020-04-25 19:00:00,0.4408,0.6933,10.7
2020-04-26 11:00:00,0.057,0.2236,9.3
2020-04-27 05:00:00,0.1117,0.2703,6.0
2020-04-27 19:00:00,0.1486,0.3149,7.9
2020-04-27 20:00:00,0.236,0.4009,8.4
2020-04-30 11:00:00,0.2624,0.5761,9.4
2020-04-30 12:00:00,0.161,0.4799,8.5
2020-04-30 13:00:00,0.1568,0.5868,8.8
2020-04-30 14:00:00,0.3093,0.666,9.5
2020-04-30 15:00:00,0.3838,0.5545,7.7
2020-05-01 04:00:00,0.318,0.5304,7.1
2020-05-01 07:00:00,0.3943,0.5917,7.9
2020-05-01 08:00:00,0.39,0.6626,8.1
2020-05-01 09:00:00,0.4207,0.6717,8.5
2020-05-01 10:00:00,0.4351,0.6311,8.2
2020-05-01 11:00:00,0.467,0.6223,9.0
2020-05-01 12:00:00,0.3764,0.575,8.7
2020-05-01 13:00:00,0.397,0.5667,8.2
2020-05-01 14:00:00,0.3881,0.5887,8.2
2020-05-01 16:00:00,0.3797,0.5416,8.2
2020-05-01 17:00:00,0.1883,0.5086,7.2
2020-05-01 18:00:00,0.1316,0.3611,7.0
2020-05-01 19:00:00,0.1216,0.3448,6.5
2020-05-01 20:00:00,0.1852,0.3684,5.9
2020-05-02 04:00:00,0.2093,0.3779,5.9
2020-05-02 23:00:00,0.2836,0.4678,7.6
2020-05-03 05:00:00,0.414,0.5713,8.7
2020-05-03 09:00:00,0.3318,0.4885,6.6
2020-05-08 01:00:00,0.0727,0.2543,5.8
2020-05-08 14:00:00,0.3648,0.5229,12.3
2020-05-10 07:00:00,0.1607,0.3439,8.5
2020-05-17 17:00:00,0.1026,0.2913,7.3
2020-05-17 19:00:00,0.056,0.2584,6.2
2020-05-18 18:00:00,0.1825,0.3498,10.2
2020-05-19 06:00:00,0.1948,0.3785,9.1
2020-05-19 11:00:00,0.4024,0.5707,15.6
2020-05-19 12:00:00,0.3297,0.6038,16.1
2020-05-19 13:00:00,0.4438,0.6023,16.5
2020-05-19 14:00:00,0.3387,0.6177,15.5
2020-05-19 15:00:00,0.4472,0.6081,14.7
2020-06-02 14:00:00,0.0852,0.2444,6.1
2020-06-02 17:00:00,0.1025,0.2709,6.7
2020-06-13 07:00:00,0.2722,0.5326,9.4
2020-06-13 22:00:00,0.2285,0.4256,6.9
2020-06-14 08:00:00,0.3339,0.5159,8.4
2020-06-14 11:00:00,0.1527,0.3304,12.6
2020-06-30 02:00:00,0.4082,0.566,18.9
2020-06-30 03:00:00,0.3596,0.5496,16.2
2020-06-30 04:00:00,0.3383,0.538,16.6
2020-07-10 00:00:00,0.3367,0.5872,9.1
2020-07-10 04:00:00,0.2246,0.61,8.4
2020-07-10 05:00:00,0.1525,0.4282,7.7
2020-07-10 06:00:00,0.1809,0.3716,6.2
2020-07-10 07:00:00,0.0993,0.3066,5.9
2020-07-10 12:00:00,0.0835,0.3603,5.8
2020-07-10 13:00:00,0.0895,0.2921,5.5
2020-07-12 08:00:00,0.2043,0.3552,7.8
2020-07-12 18:00:00,0.3672,0.5711,7.7
2020-07-13 06:00:00,0.3384,0.5069,9.2
2020-07-13 09:00:00,0.406,0.5862,8.6
2020-07-19 01:00:00,0.2648,0.4355,6.8
2020-07-19 02:00:00,0.1968,0.3686,6.3
2020-07-19 03:00:00,0.2082,0.3946,7.1
2020-07-22 05:00:00,0.0789,0.3853,6.9
2020-07-22 06:00:00,0.0373,0.241,5.6
2020-07-24 17:00:00,0.4371,0.6392,15.0
2020-07-28 16:00:00,0.2066,0.3593,7.9
2020-08-26 12:00:00,0.3424,0.6071,18.0
2020-08-26 13:00:00,0.2249,0.6133,18.8
2020-08-26 14:00:00,0.2724,0.636,17.4
2020-08-26 20:00:00,0.3538,0.6817,19.1
2020-08-26 21:00:00,0.357,0.651,16.3
2020-09-02 23:00:00,0.0127,0.3935,0.0
2020-09-16 16:00:00,0.0362,0.2602,9.7
2020-10-23 11:00:00,0.3115,0.5576,14.9
2020-10-23 12:00:00,0.3486,0.6097,16.0
2020-10-24 11:00:00,0.1743,0.3798,11.5
2020-10-24 12:00:00,0.1581,0.3761,11.9
2020-10-24 13:00:00,0.0715,0.3673,10.6
2020-10-24 14:00:00,0.1278,0.3904,9.7
2020-11-03 03:00:00,0.1529,0.3102,10.0
2020-11-03 06:00:00,0.258,0.4243,12.3
2020-11-03 12:00:00,0.0976,0.5129,14.2
2020-11-03 13:00:00,0.1117,0.5567,16.2
2020-11-03 14:00:00,0.2312,0.6265,16.0
2020-11-08 12:00:00,0.0921,0.3296,11.1
2020-11-08 13:00:00,0.106,0.3741,10.2
2020-11-08 14:00:00,0.1826,0.4207,11.6
2020-11-20 12:00:00,0.3106,0.5524,13.9
2020-11-20 13:00:00,0.4023,0.6334,15.5
2020-11-25 12:00:00,0.082,0.2677,9.0
2020-11-25 14:00:00,0.1578,0.3286,10.2
2020-11-25 15:00:00,0.2195,0.4152,11.3
2020-11-28 08:00:00,0.4286,0.5913,14.8
2020-12-13 16:00:00,0.3938,0.5799,14.0
2020-12-16 03:00:00,0.2,0.5633,14.9
2020-12-16 08:00:00,0.3526,0.5748,15.8
2020-12-18 03:00:00,0.1483,0.3016,11.3
2020-12-22 01:00:00,0.0329,0.2118,6.4
2020-12-22 04:00:00,0.0494,0.2398,7.9
2020-12-22 05:00:00,0.0255,0.2387,7.8
2020-12-22 06:00:00,0.0667,0.2367,8.5
2020-12-25 05:00:00,0.4996,0.6508,15.1
2020-12-27 13:00:00,0.2276,0.4121,5.7
2020-12-29 16:00:00,0.1875,0.383,11.5
2020-12-30 20:00:00,0.5659,0.7979,19.0
2020-12-30 22:00:00,0.5241,0.7404,19.6
2020-12-30 23:00:00,0.4963,0.6956,17.5
2020-12-31 00:00:00,0.5436,0.7372,19.1
2020-12-31 12:00:00,0.334,0.6278,14.5
2020-12-31 13:00:00,0.4029,0.6003,15.3
2020-12-31 14:00:00,0.476,0.6528,16.0
2020-12-31 15:00:00,0.4675,0.6511,17.7
2020-12-31 16:00:00,0.4682,0.6499,16.2
2020-12-31 17:00:00,0.5563,0.7285,16.9
2020-12-31 23:00:00,0.5169,0.6804,15.7
2021-01-01 00:00:00,0.4555,0.6633,15.0
2021-01-01 01:00:00,0.3882,0.6771,15.3
2021-01-01 03:00:00,0.3568,0.5112,13.4
2021-01-01 04:00:00,0.2289,0.5691,13.7
2021-01-01 05:00:00,0.2888,0.478,12.3
2021-01-01 06:00:00,0.2513,0.4729,13.0
2021-01-01 07:00:00,0.1701,0.3502,10.6
2021-01-01 12:00:00,0.0663,0.2309,9.0
2021-01-01 13:00:00,0.0692,0.2255,8.9
2021-01-01 14:00:00,0.1448,0.3201,9.7
2021-01-01 15:00:00,0.1337,0.3207,9.7
2021-01-01 17:00:00,0.0938,0.3219,8.7
2021-01-01 19:00:00,0.1224,0.338,8.1
2021-01-01 21:00:00,0.0724,0.2719,8.6
2021-01-01 22:00:00,0.0841,0.4481,10.4
2021-01-01 23:00:00,0.0964,0.5202,13.7
2021-01-02 00:00:00,0.0988,0.4061,10.4
2021-01-02 01:00:00,0.2339,0.505,13.5
2021-01-02 02:00:00,0.2641,0.4182,11.4
2021-01-02 03:00:00,0.2776,0.4656,12.1
2021-01-02 05:00:00,0.2722,0.5007,13.1
2021-01-02 09:00:00,0.1875,0.3828,11.3
2021-01-06 08:00:00,0.1895,0.4465,13.0
2021-01-06 09:00:00,0.283,0.476,13.5
2021-01-06 11:00:00,0.1698,0.3442,11.7
2021-01-06 16:00:00,0.4563,0.607,14.0
2021-01-06 21:00:00,0.3169,0.6698,15.6
2021-01-06 22:00:00,0.3346,0.635,16.7
2021-01-06 23:00:00,0.4894,0.6871,19.7
2021-01-07 19:00:00,0.5094,0.7183,18.2
2021-01-07 21:00:00,0.362,0.6314,15.6
2021-01-07 22:00:00,0.3044,0.644,16.2
2021-01-08 00:00:00,0.4746,0.6416,17.6
2021-01-08 01:00:00,0.3407,0.6583,19.9
2021-01-08 02:00:00,0.4884,0.7245,19.6
2021-01-08 05:00:00,0.5066,0.7175,16.8
2021-01-08 08:00:00,0.5207,0.6839,17.2
2021-01-08 09:00:00,0.4907,0.6748,16.8
2021-01-08 11:00:00,0.4247,0.6425,15.5
2021-01-08 12:00:00,0.4318,0.6652,17.9
2021-01-08 13:00:00,0.4334,0.7258,19.3
2021-01-08 16:00:00,0.5601,0.7477,19.3
2021-01-08 22:00:00,0.6072,0.764,18.1
2021-01-08 23:00:00,0.5547,0.7173,19.2
2021-01-09 00:00:00,0.4831,0.6904,19.7
2021-01-09 01:00:00,0.4128,0.6614,18.7
2021-01-09 03:00:00,0.3533,0.6861,17.0
2021-01-09 04:00:00,0.2443,0.6451,16.2
2021-01-09 05:00:00,0.4244,0.627,16.1
2021-01-09 06:00:00,0.4447,0.6659,19.8
2021-01-09 08:00:00,0.4129,0.6577,18.9
2021-01-09 09:00:00,0.4147,0.6416,16.3
2021-01-09 10:00:00,0.4842,0.6372,16.0
2021-01-09 11:00:00,0.5109,0.6704,17.6
2021-01-09 12:00:00,0.5061,0.7284,19.7
2021-01-09 17:00:00,0.6175,0.7684,17.8
2021-01-10 06:00:00,0.1168,0.3756,10.8
2021-01-10 07:00:00,0.0665,0.2337,8.6
2021-01-10 12:00:00,0.0998,0.4142,10.3
2021-01-10 13:00:00,0.2611,0.4709,12.1
2021-01-10 14:00:00,0.2963,0.7032,14.8
2021-01-10 15:00:00,0.4534,0.6523,15.4
2021-01-10 16:00:00,0.3888,0.6709,14.6
2021-01-10 17:00:00,0.4043,0.6613,16.0
2021-01-10 19:00:00,0.5467,0.7311,15.4
2021-01-11 23:00:00,0.2575,0.446,13.5
2021-01-12 15:00:00,0.1208,0.4887,13.9
2021-01-12 16:00:00,0.1821,0.4683,13.7
2021-01-12 17:00:00,0.1924,0.5639,14.8
2021-01-13 00:00:00,0.1923,0.3438,12.7
2021-01-13 01:00:00,0.1622,0.3472,13.4
2021-01-13 04:00:00,0.1384,0.332,13.2
2021-01-13 05:00:00,0.18,0.4285,13.9
2021-01-13 17:00:00,0.3022,0.5773,14.1
2021-01-18 04:00:00,0.1742,0.4477,13.9
2021-01-18 05:00:00,0.2518,0.4988,14.4
2021-01-18 07:00:00,0.2616,0.5142,15.8
2021-01-18 08:00:00,0.2913,0.5424,17.5
2021-01-18 09:00:00,0.3547,0.5841,17.6
2021-01-18 10:00:00,0.4327,0.6555,18.4
2021-01-18 11:00:00,0.4023,0.6026,18.8
2021-01-18 14:00:00,0.4271,0.6411,17.0
2021-01-18 15:00:00,0.4835,0.6565,16.7
2021-01-18 16:00:00,0.5046,0.6692,16.8
2021-01-18 18:00:00,0.4906,0.6508,16.0
2021-01-22 01:00:00,0.1529,0.338,12.9
2021-01-24 04:00:00,0.2697,0.4501,8.7
2021-01-28 04:00:00,0.0815,0.3071,7.0
2021-01-28 05:00:00,0.0495,0.2319,4.8
2021-01-31 17:00:00,0.3009,0.4849,8.3
2021-01-31 18:00:00,0.1725,0.3988,8.0
2021-01-31 19:00:00,0.2961,0.5398,9.4
2021-02-02 14:00:00,0.4932,0.7176,15.3
2021-02-03 03:00:00,0.5858,0.7431,16.2
2021-02-04 00:00:00,0.0857,0.2943,10.1
2021-02-04 01:00:00,0.1892,0.3641,12.6
2021-02-04 04:00:00,0.3113,0.5947,15.4
2021-02-05 05:00:00,0.1005,0.3036,5.7
2021-02-05 06:00:00,0.0999,0.2564,5.6
2021-02-05 07:00:00,0.0735,0.251,6.3
2021-02-07 08:00:00,0.0952,0.279,6.3
2021-02-08 13:00:00,0.2219,0.4712,13.4
2021-02-08 14:00:00,0.2093,0.5217,13.7
2021-02-08 15:00:00,0.2113,0.6521,14.5
2021-02-09 21:00:00,0.1119,0.3109,3.7
2021-02-14 22:00:00,0.2173,0.3887,11.0
2021-02-15 02:00:00,0.1215,0.3388,7.7
2021-02-15 14:00:00,0.5319,0.735,17.5
2021-02-15 15:00:00,0.515,0.7886,18.8
2021-02-16 16:00:00,0.5836,0.7397,15.7
2021-02-16 19:00:00,0.6021,0.8019,17.4
2021-02-17 21:00:00,0.6631,0.8865,19.4
2021-02-18 00:00:00,0.5404,0.8126,19.8
2021-02-18 03:00:00,0.5387,0.814,18.4
2021-02-18 06:00:00,0.5756,0.8254,19.6
2021-02-18 21:00:00,0.7307,0.8811,16.1
2021-02-18 23:00:00,0.6283,0.7949,14.9
2021-02-19 02:00:00,0.5232,0.6736,11.9
2021-02-19 04:00:00,0.5064,0.6604,12.7
2021-02-19 05:00:00,0.3602,0.649,10.6
2021-02-19 06:00:00,0.4636,0.6973,11.7
2021-02-19 15:00:00,0.1534,0.3415,9.4
2021-02-19 16:00:00,0.1969,0.3891,9.4
2021-02-19 17:00:00,0.1552,0.4051,9.7
2021-02-19 18:00:00,0.1439,0.3523,9.2
2021-02-19 19:00:00,0.1758,0.5479,9.0
2021-02-19 20:00:00,0.2998,0.4698,7.6
2021-02-19 21:00:00,0.3449,0.5178,8.1
2021-02-19 22:00:00,0.3676,0.5313,8.2
2021-02-20 00:00:00,0.3382,0.511,7.9
2021-02-20 08:00:00,0.5045,0.6611,16.6
2021-02-20 09:00:00,0.427,0.6723,16.0
2021-02-20 10:00:00,0.4239,0.6551,16.2
2021-02-20 11:00:00,0.3884,0.623,14.9
2021-02-20 12:00:00,0.1561,0.6325,15.0
2021-02-20 13:00:00,0.1499,0.6416,15.4
2021-02-20 14:00:00,0.1258,0.6755,15.1
2021-02-20 15:00:00,0.2139,0.6654,15.2
2021-02-20 16:00:00,0.3288,0.5542,12.9
2021-02-21 03:00:00,0.393,0.5917,14.1
2021-02-21 04:00:00,0.3444,0.5674,13.6
2021-02-21 05:00:00,0.377,0.6907,14.7
2021-02-21 06:00:00,0.4168,0.6968,15.2
2021-02-21 07:00:00,0.3814,0.6749,14.1
2021-02-21 08:00:00,0.2945,0.5685,12.8
2021-02-21 09:00:00,0.2127,0.3939,11.2
2021-02-21 11:00:00,0.1301,0.3605,9.9
2021-02-21 12:00:00,0.0405,0.2208,7.7
2021-02-21 13:00:00,0.0387,0.3652,7.9
2021-02-21 14:00:00,0.0402,0.3995,7.9
2021-02-21 15:00:00,0.0374,0.5438,8.6
2021-02-21 16:00:00,0.183,0.6112,9.0
2021-02-21 17:00:00,0.4262,0.5879,8.4
2021-02-21 18:00:00,0.362,0.5515,8.5
2021-02-21 22:00:00,0.2978,0.4501,7.6
2021-02-21 23:00:00,0.2756,0.455,7.8
2021-02-22 03:00:00,0.3212,0.5257,8.3
2021-02-22 04:00:00,0.1422,0.3126,5.9
2021-02-22 15:00:00,0.2845,0.5217,11.3
2021-02-22 16:00:00,0.4464,0.6279,11.3
2021-02-23 12:00:00,0.2044,0.465,11.2
2021-02-23 13:00:00,0.1742,0.4353,10.1
2021-02-23 14:00:00,0.1597,0.4505,9.7
2021-02-23 18:00:00,0.2911,0.4714,8.3
2021-02-23 21:00:00,0.407,0.6,9.4
2021-02-24 06:00:00,0.2374,0.4027,8.0
2021-03-01 07:00:00,0.4213,0.6257,8.5
2021-03-01 16:00:00,0.4197,0.6053,12.8
2021-03-03 07:00:00,0.0297,0.2492,5.5
2021-03-03 12:00:00,0.083,0.2365,7.0
2021-03-04 00:00:00,0.0559,0.2148,5.7
2021-03-06 03:00:00,0.1278,0.2891,7.2
2021-03-11 06:00:00,0.047,0.2266,6.1
2021-03-13 01:00:00,0.0845,0.3088,5.7
2021-03-13 03:00:00,0.0624,0.3275,7.1
2021-03-13 04:00:00,0.0757,0.2872,5.6
2021-03-13 05:00:00,0.0814,0.2348,5.2
2021-03-13 17:00:00,0.1249,0.3029,6.4
2021-03-13 18:00:00,0.1555,0.3564,7.6
2021-03-13 20:00:00,0.2547,0.4073,7.1
2021-03-14 01:00:00,0.0782,0.2365,4.4
2021-03-14 02:00:00,0.0789,0.2849,4.3
2021-03-14 03:00:00,0.0625,0.289,3.3
2021-03-14 04:00:00,0.0638,0.3242,5.9
2021-03-14 05:00:00,0.0825,0.3803,6.3
2021-03-14 06:00:00,0.1269,0.2978,4.5
2021-03-14 07:00:00,0.1597,0.3612,5.5
2021-03-14 23:00:00,0.0538,0.2648,3.5
2021-03-15 00:00:00,0.0279,0.2668,4.0
2021-03-15 01:00:00,0.0383,0.2482,4.6
2021-03-15 05:00:00,0.0864,0.2388,5.5
2021-03-15 13:00:00,0.0962,0.3394,6.9
2021-03-15 14:00:00,0.2309,0.4308,8.1
2021-03-15 16:00:00,0.35,0.5946,9.6
2021-03-15 17:00:00,0.1894,0.3868,6.9
2021-03-16 00:00:00,0.4112,0.6342,9.2
2021-03-16 01:00:00,0.3408,0.5289,8.1
2021-03-16 02:00:00,0.3825,0.6143,8.7
2021-03-16 03:00:00,0.2348,0.4402,11.1
2021-03-20 06:00:00,0.1124,0.2675,6.6
2021-03-21 11:00:00,0.1988,0.5419,17.6
2021-03-21 12:00:00,0.0941,0.544,18.6
2021-03-22 13:00:00,0.1041,0.3188,13.1
2021-03-22 14:00:00,0.0851,0.372,13.8
2021-03-22 15:00:00,0.2997,0.5568,14.9
2021-03-23 08:00:00,0.0902,0.2548,10.3
2021-03-24 01:00:00,0.1247,0.2851,5.9
2021-03-24 05:00:00,0.1521,0.3936,7.3
2021-03-24 18:00:00,0.0602,0.2165,4.1
2021-03-25 17:00:00,0.0296,0.2164,4.8
2021-03-26 05:00:00,0.0908,0.2554,4.0
2021-03-26 08:00:00,0.0251,0.2012,5.8
2021-03-26 13:00:00,0.111,0.3235,9.0
2021-03-26 15:00:00,0.1454,0.3109,8.4
2021-03-26 16:00:00,0.1407,0.3564,8.3
2021-03-26 17:00:00,0.1397,0.3251,7.4
2021-03-27 01:00:00,0.2866,0.5843,9.7
2021-03-27 21:00:00,0.3569,0.6061,8.3
2021-03-27 23:00:00,0.1639,0.3768,10.0
2021-03-28 01:00:00,0.229,0.4188,13.5
2021-03-28 03:00:00,0.1413,0.2963,8.8
2021-03-30 00:00:00,0.0563,0.2225,3.6
2021-03-30 01:00:00,0.0516,0.2288,4.5
2021-03-30 02:00:00,0.0628,0.2411,4.4
2021-03-30 04:00:00,0.0709,0.2669,5.0
2021-03-30 05:00:00,0.0455,0.3452,5.9
2021-04-11 17:00:00,0.1988,0.3584,7.6
2021-04-12 00:00:00,0.1265,0.2773,6.9
2021-04-17 12:00:00,0.1644,0.4891,13.3
2021-04-17 13:00:00,0.1179,0.6006,14.4
2021-04-17 14:00:00,0.1359,0.4153,10.5
2021-04-17 15:00:00,0.2432,0.72,17.3
2021-04-17 16:00:00,0.4861,0.7151,17.1
2021-04-18 10:00:00,0.2827,0.6419,14.7
2021-04-18 11:00:00,0.072,0.5027,13.7
2021-04-18 12:00:00,0.067,0.3835,11.6
2021-04-18 13:00:00,0.0796,0.4726,13.0
2021-04-18 14:00:00,0.0762,0.5167,13.0
2021-04-18 15:00:00,0.1403,0.4519,11.9
2021-04-19 08:00:00,0.1313,0.2857,3.0
2021-04-19 10:00:00,0.0921,0.2553,3.3
2021-04-22 15:00:00,0.2915,0.4461,9.3
2021-04-23 13:00:00,0.0449,0.2377,8.8
2021-04-26 05:00:00,0.182,0.3608,5.9
2021-04-30 01:00:00,0.4302,0.6252,9.7
2021-04-30 05:00:00,0.3539,0.5684,14.3
2021-04-30 06:00:00,0.2841,0.5489,13.9
2021-04-30 07:00:00,0.2295,0.4846,11.9
2021-04-30 08:00:00,0.2153,0.4247,9.5
2021-05-01 00:00:00,0.3016,0.6769,10.8
2021-05-01 07:00:00,0.0639,0.2775,8.1
2021-05-01 08:00:00,0.2807,0.5011,12.8
2021-05-01 12:00:00,0.0443,0.3533,10.2
2021-05-01 13:00:00,0.1891,0.469,13.3
2021-05-01 14:00:00,0.3242,0.5154,13.5
2021-05-01 16:00:00,0.3243,0.6684,14.4
2021-05-01 21:00:00,0.3626,0.5638,12.3
2021-05-01 22:00:00,0.3766,0.5332,12.1
2021-05-02 01:00:00,0.1892,0.3605,8.9
2021-05-02 02:00:00,0.2697,0.4289,11.6
2021-05-02 03:00:00,0.2281,0.4795,12.1
2021-05-02 04:00:00,0.1441,0.3765,11.5
2021-05-02 10:00:00,0.2186,0.3741,11.2
2021-05-02 11:00:00,0.0364,0.4565,13.8
2021-05-02 12:00:00,0.0373,0.5611,14.5
2021-05-02 13:00:00,0.0841,0.3572,11.6
2021-05-02 14:00:00,0.0783,0.2894,10.0
2021-05-02 15:00:00,0.0705,0.4118,11.6
2021-05-02 19:00:00,0.2029,0.3874,8.9
2021-05-03 00:00:00,0.0728,0.265,7.2
2021-05-03 16:00:00,0.1342,0.3194,7.3
2021-05-03 17:00:00,0.2332,0.4336,8.0
2021-05-03 18:00:00,0.2648,0.4861,8.5
2021-05-03 20:00:00,0.4299,0.6542,8.9
2021-05-04 06:00:00,0.3656,0.5201,7.9
2021-05-08 14:00:00,0.2192,0.3823,7.4
2021-05-13 00:00:00,0.1483,0.3664,10.0
2021-05-14 21:00:00,0.127,0.3149,7.0
2021-05-15 01:00:00,0.2993,0.4498,7.8
2021-05-15 02:00:00,0.334,0.487,7.5
2021-05-15 04:00:00,0.2483,0.4365,7.9
2021-05-15 15:00:00,0.2835,0.4344,5.1
2021-05-15 18:00:00,0.2863,0.4664,7.1
2021-05-15 23:00:00,0.4436,0.6297,8.3
2021-05-16 00:00:00,0.3902,0.5513,7.7
2021-05-16 01:00:00,0.3497,0.5141,7.4
2021-05-16 11:00:00,0.2777,0.5147,9.2
2021-05-16 16:00:00,0.2912,0.5147,8.3
2021-05-16 23:00:00,0.1158,0.3052,6.0
2021-05-17 00:00:00,0.1005,0.2535,8.4
2021-05-17 03:00:00,0.1335,0.2851,8.2
2021-05-20 09:00:00,0.0894,0.4416,9.3
2021-05-20 15:00:00,0.1536,0.4078,12.3
2021-05-20 17:00:00,0.2971,0.507,14.1
2021-05-21 03:00:00,0.2939,0.4945,14.3
2021-05-23 13:00:00,0.0481,0.269,7.5
2021-05-26 19:00:00,0.3861,0.5422,10.1
2021-05-26 20:00:00,0.3265,0.5759,8.6
2021-05-30 14:00:00,0.0569,0.2759,7.7
2021-05-30 16:00:00,0.1029,0.2606,7.3
2021-05-30 17:00:00,0.1132,0.264,6.9
2021-06-03 01:00:00,0.4402,0.5953,9.6
2021-06-06 01:00:00,0.2057,0.3721,6.8
2021-06-06 13:00:00,0.0908,0.2473,6.5
2021-06-06 14:00:00,0.1319,0.2892,6.9
2021-06-06 15:00:00,0.1693,0.33,6.8
2021-06-06 17:00:00,0.1209,0.2774,6.6
2021-06-06 18:00:00,0.1701,0.3831,7.6
2021-06-22 16:00:00,0.0614,0.2118,6.1
2021-06-24 12:00:00,0.0666,0.2874,7.2
2021-06-24 13:00:00,0.0788,0.2884,7.2
2021-06-25 12:00:00,0.0547,0.2604,7.7
2021-06-25 13:00:00,0.0661,0.3359,8.1
2021-07-09 13:00:00,0.0782,0.2503,6.5
2021-07-09 17:00:00,0.0878,0.2395,5.5
2021-07-10 15:00:00,0.3716,0.5677,9.0
2021-07-10 16:00:00,0.1406,0.4151,10.4
2021-07-10 17:00:00,0.037,0.2786,8.2
2021-07-11 00:00:00,0.0825,0.263,5.2
2021-07-11 01:00:00,0.1104,0.276,5.2
2021-07-11 02:00:00,0.1528,0.3656,5.9
2021-07-11 05:00:00,0.1201,0.3093,5.6
2021-07-11 07:00:00,0.1491,0.3103,5.2
2021-07-11 09:00:00,0.1475,0.323,5.7
2021-07-11 10:00:00,0.1699,0.335,5.7
2021-07-11 15:00:00,0.1421,0.3781,3.3
2021-07-11 19:00:00,0.0327,0.2135,3.2
2021-07-12 00:00:00,0.197,0.3849,6.2
2021-07-12 01:00:00,0.1977,0.379,5.8
2021-07-12 03:00:00,0.2251,0.4101,6.1
2021-07-12 04:00:00,0.2488,0.456,5.5
2021-07-12 08:00:00,0.084,0.3282,5.4
2021-07-12 09:00:00,0.076,0.3101,5.5
2021-07-12 10:00:00,0.1531,0.4069,6.8
2021-07-12 12:00:00,0.1969,0.4962,7.4
2021-07-12 14:00:00,0.3277,0.5184,7.4
2021-07-12 15:00:00,0.3066,0.4972,7.7
2021-07-12 16:00:00,0.2166,0.4068,7.2
2021-07-12 17:00:00,0.1848,0.3705,6.7
2021-07-12 19:00:00,0.2208,0.4251,6.9
2021-07-12 23:00:00,0.3897,0.5585,8.2
2021-07-13 01:00:00,0.3956,0.5906,8.3
2021-07-13 03:00:00,0.3461,0.5172,7.5
2021-07-13 05:00:00,0.2253,0.3796,6.4
2021-07-13 06:00:00,0.1898,0.3807,7.1
2021-07-13 07:00:00,0.1894,0.3528,6.4
2021-07-13 08:00:00,0.1862,0.3431,6.7
2021-07-13 09:00:00,0.2325,0.388,6.9
2021-07-13 10:00:00,0.2616,0.4285,8.1
2021-07-13 11:00:00,0.2977,0.4735,8.8
2021-07-13 12:00:00,0.2378,0.3882,7.9
2021-07-13 17:00:00,0.3015,0.5078,8.0
2021-07-13 18:00:00,0.3496,0.5179,8.1
2021-07-14 11:00:00,0.193,0.3687,7.6
2021-07-14 13:00:00,0.1895,0.3803,7.6
2021-07-14 14:00:00,0.2141,0.4722,8.1
2021-07-14 16:00:00,0.1881,0.4034,7.8
2021-07-14 17:00:00,0.1568,0.3399,7.0
2021-07-14 18:00:00,0.1258,0.2883,6.6
2021-07-15 12:00:00,0.1381,0.3308,7.8
2021-07-15 16:00:00,0.0726,0.2385,7.1
2021-07-16 11:00:00,0.0528,0.2193,5.4
2021-07-17 22:00:00,0.1048,0.2985,7.4
2021-07-18 00:00:00,0.0563,0.2494,3.8
2021-07-18 05:00:00,0.0935,0.4091,2.4
2021-07-18 06:00:00,0.1993,0.3821,4.7
2021-07-19 01:00:00,0.0946,0.2807,4.8
2021-07-19 11:00:00,0.2828,0.4541,8.2
2021-07-25 04:00:00,0.2239,0.386,8.2
2021-07-29 14:00:00,0.1169,0.357,8.4
2021-07-29 15:00:00,0.1068,0.3036,8.5
2021-07-29 16:00:00,0.1076,0.2893,8.2
2021-07-29 17:00:00,0.072,0.246,8.0
2021-07-30 10:00:00,0.1491,0.3045,7.6
2021-08-01 12:00:00,0.179,0.3332,8.5
2021-08-11 12:00:00,0.0478,0.2164,2.3
2021-09-17 16:00:00,0.3567,0.5602,14.9
2021-09-20 20:00:00,0.2305,0.4301,9.4
2021-10-17 09:00:00,0.2898,0.5287,15.2
2021-10-17 10:00:00,0.0368,0.5006,14.2
2021-10-17 11:00:00,0.0155,0.3814,12.7
2021-10-17 12:00:00,0.0176,0.301,12.0
2021-10-17 13:00:00,0.0175,0.2688,11.8
2021-10-17 14:00:00,0.0161,0.2876,11.6
2021-10-19 09:00:00,0.1374,0.3661,10.5
2021-10-19 11:00:00,0.058,0.2587,9.7
2021-10-19 13:00:00,0.096,0.293,10.5
2021-11-08 06:00:00,0.4767,0.649,18.1
2021-11-09 00:00:00,0.4082,0.6111,15.4
2021-11-09 01:00:00,0.435,0.5917,14.7
2021-11-09 04:00:00,0.3765,0.6126,15.3
2021-11-09 06:00:00,0.3619,0.5657,14.3
2021-11-09 21:00:00,0.5035,0.7004,18.2
2021-11-10 07:00:00,0.3304,0.6165,14.8
2021-11-10 08:00:00,0.3626,0.619,15.0
2021-11-11 00:00:00,0.4694,0.6486,19.3
2021-11-11 04:00:00,0.4112,0.6118,15.6
2021-11-11 08:00:00,0.3116,0.542,15.0
2021-11-11 09:00:00,0.1941,0.5321,14.1
2021-11-11 10:00:00,0.107,0.2946,10.4
2021-11-11 11:00:00,0.2525,0.4303,13.4
2021-11-11 12:00:00,0.3131,0.5303,14.1
2021-11-11 13:00:00,0.3405,0.5576,14.1
2021-11-11 22:00:00,0.3763,0.5616,14.2
2021-11-12 02:00:00,0.4692,0.6395,18.5
2021-11-12 04:00:00,0.4413,0.6421,17.3
2021-11-12 05:00:00,0.366,0.5322,14.6
2021-11-12 11:00:00,0.2951,0.4452,12.8
2021-11-12 16:00:00,0.3956,0.586,15.3
2021-11-12 21:00:00,0.2606,0.4608,12.4
2021-11-12 23:00:00,0.1619,0.4174,12.6
2021-11-13 00:00:00,0.098,0.2964,10.5
2021-11-13 01:00:00,0.0735,0.3217,11.2
2021-11-13 02:00:00,0.1291,0.4228,13.0
2021-11-13 03:00:00,0.1353,0.3267,10.8
2021-11-13 04:00:00,0.1123,0.2958,10.4
2021-11-13 05:00:00,0.0895,0.3227,10.5
2021-11-13 06:00:00,0.1559,0.3163,11.4
2021-11-13 23:00:00,0.073,0.2912,10.3
2021-11-21 23:00:00,0.1265,0.3092,9.2
2021-11-24 08:00:00,0.2443,0.3981,13.5
2021-11-24 15:00:00,0.2149,0.3779,10.1
2021-12-02 07:00:00,0.1084,0.4,13.5
2021-12-02 09:00:00,0.144,0.515,13.9
2021-12-02 14:00:00,0.1075,0.2612,6.7
2021-12-02 22:00:00,0.2409,0.4229,13.6
2021-12-03 00:00:00,0.3411,0.508,13.5
2021-12-03 01:00:00,0.2782,0.4426,13.1
2021-12-03 06:00:00,0.188,0.3644,11.3
2021-12-04 07:00:00,0.2316,0.4461,12.2
2021-12-18 18:00:00,0.0644,0.4083,12.8
2021-12-18 19:00:00,0.146,0.3214,11.5
2021-12-18 20:00:00,0.136,0.3247,11.3
2021-12-18 21:00:00,0.1747,0.5324,14.1
2021-12-18 22:00:00,0.1521,0.5448,14.5
2021-12-18 23:00:00,0.1463,0.4292,13.6
2021-12-19 03:00:00,0.3957,0.5677,14.2
2021-12-19 07:00:00,0.4582,0.6157,16.4
2021-12-20 05:00:00,0.0872,0.3014,10.8
2021-12-20 06:00:00,0.0651,0.225,8.4
2021-12-21 00:00:00,0.2147,0.4289,12.7
2021-12-21 01:00:00,0.1687,0.3414,11.8
2021-12-21 02:00:00,0.1393,0.2945,10.8
2021-12-21 05:00:00,0.1408,0.3275,9.8
2021-12-22 22:00:00,0.0575,0.321,5.5
2021-12-23 02:00:00,0.0275,0.2057,4.8
2021-12-24 05:00:00,0.0165,0.2095,5.4
2021-12-26 04:00:00,0.5395,0.7154,18.4
2021-12-26 06:00:00,0.556,0.7232,15.3
2021-12-26 07:00:00,0.5513,0.7422,18.2
2021-12-26 15:00:00,0.5205,0.6748,15.1
2021-12-26 16:00:00,0.3703,0.6704,16.5
2021-12-26 17:00:00,0.4272,0.6829,18.4
2021-12-26 18:00:00,0.4935,0.6599,15.9
2021-12-26 19:00:00,0.492,0.7019,17.4
2021-12-26 20:00:00,0.5755,0.7678,16.5
2021-12-26 22:00:00,0.5039,0.6916,18.4
2021-12-26 23:00:00,0.5038,0.6948,16.5
2021-12-27 04:00:00,0.2186,0.5146,13.8
2021-12-27 06:00:00,0.2456,0.404,11.0
2021-12-27 07:00:00,0.2996,0.4739,12.9
2021-12-27 08:00:00,0.3031,0.5941,14.3
2021-12-27 23:00:00,0.1468,0.3637,10.3
2021-12-28 03:00:00,0.1364,0.3444,10.1
2021-12-28 08:00:00,0.0626,0.2127,5.8
2021-12-29 01:00:00,0.0249,0.2154,7.7
2021-12-29 05:00:00,0.1054,0.3246,11.5
2021-12-29 06:00:00,0.1913,0.5151,13.5
2021-12-29 07:00:00,0.1701,0.4098,12.1
2021-12-29 08:00:00,0.1828,0.6236,14.2
2021-12-29 09:00:00,0.2771,0.4991,12.3
2021-12-29 10:00:00,0.2531,0.4749,10.5
2021-12-29 16:00:00,0.5347,0.7135,14.6
2021-12-29 17:00:00,0.5179,0.6913,14.5
2021-12-29 18:00:00,0.5306,0.6926,14.1
2022-01-01 15:00:00,0.0554,0.2152,5.7
2022-01-01 23:00:00,0.0384,0.202,6.7
2022-01-02 00:00:00,0.0524,0.2227,6.4
2022-01-02 01:00:00,0.0809,0.2486,7.0
2022-01-02 02:00:00,0.1605,0.3387,8.8
2022-01-13 03:00:00,0.0188,0.2404,9.9
2022-01-13 05:00:00,0.0832,0.2629,11.0
2022-01-13 10:00:00,0.5381,0.6905,19.4
2022-01-16 02:00:00,0.1076,0.3488,12.3
2022-01-16 14:00:00,0.0496,0.4692,13.2
2022-01-16 15:00:00,0.0762,0.4812,12.5
2022-01-21 01:00:00,0.0644,0.238,5.7
2022-01-21 02:00:00,0.0643,0.2457,5.5
2022-01-21 04:00:00,0.0647,0.2351,4.4
2022-01-21 05:00:00,0.0792,0.2857,4.5
2022-01-21 07:00:00,0.0393,0.204,4.9
2022-01-21 22:00:00,0.0434,0.2119,4.2
2022-01-22 00:00:00,0.0959,0.258,5.4
2022-01-31 22:00:00,0.2549,0.4057,8.4
2022-01-31 23:00:00,0.1563,0.3084,10.6
2022-02-01 00:00:00,0.1045,0.3034,10.7
2022-02-01 01:00:00,0.131,0.2951,11.1
2022-02-01 02:00:00,0.186,0.4168,12.8
2022-02-01 09:00:00,0.2591,0.4383,11.3
2022-02-01 13:00:00,0.5027,0.6583,14.5
2022-02-01 14:00:00,0.5032,0.7345,16.0
2022-02-01 15:00:00,0.5606,0.7175,14.4
2022-02-05 01:00:00,0.4378,0.7265,17.8
2022-02-05 02:00:00,0.4911,0.7151,18.9
2022-02-05 03:00:00,0.4302,0.6868,14.6
2022-02-05 04:00:00,0.4639,0.6937,17.1
2022-02-05 05:00:00,0.4766,0.6594,15.8
2022-02-05 07:00:00,0.4722,0.7312,16.8
2022-02-05 09:00:00,0.4542,0.6163,15.0
2022-02-05 10:00:00,0.4639,0.6449,16.4
2022-02-05 11:00:00,0.4803,0.6428,14.9
2022-02-05 21:00:00,0.6224,0.7837,17.2
2022-02-06 11:00:00,0.1039,0.3109,9.6
2022-02-09 03:00:00,0.0908,0.271,6.1
2022-02-09 04:00:00,0.1303,0.3214,6.9
2022-02-09 05:00:00,0.0747,0.3109,5.9
2022-02-09 06:00:00,0.0312,0.2922,4.4
2022-02-09 07:00:00,0.0337,0.2055,3.3
2022-02-09 10:00:00,0.0442,0.2452,2.0
2022-02-09 15:00:00,0.0583,0.3153,5.2
2022-02-11 08:00:00,0.1762,0.3596,6.2
2022-02-14 15:00:00,0.1462,0.3443,10.2
2022-02-14 21:00:00,0.3241,0.6261,12.9
2022-02-14 22:00:00,0.4219,0.6035,12.8
2022-02-15 14:00:00,0.5083,0.6674,14.3
2022-02-17 00:00:00,0.6253,0.7869,14.8
2022-02-17 01:00:00,0.5706,0.8179,16.7
2022-02-17 02:00:00,0.5786,0.7683,16.2
2022-02-18 03:00:00,0.0221,0.2169,4.2
2022-02-18 04:00:00,0.0239,0.2111,4.8
2022-02-18 06:00:00,0.0483,0.2807,4.2
2022-02-18 13:00:00,0.1026,0.2874,4.7
2022-02-18 15:00:00,0.1375,0.3196,4.5
2022-02-18 23:00:00,0.0615,0.3523,2.6
2022-02-19 02:00:00,0.0537,0.2367,6.0
2022-02-19 04:00:00,0.0741,0.2302,4.4
2022-02-19 07:00:00,0.2448,0.4379,7.8
2022-02-19 08:00:00,0.2475,0.4382,8.3
2022-02-21 03:00:00,0.5278,0.7418,13.7
2022-02-21 04:00:00,0.4772,0.6395,13.7
2022-02-21 09:00:00,0.2113,0.4244,8.3
2022-02-21 10:00:00,0.214,0.4727,9.9
2022-02-21 11:00:00,0.2025,0.3891,9.7
2022-02-21 13:00:00,0.1975,0.4176,9.8
2022-02-21 16:00:00,0.3041,0.5835,9.9
2022-02-21 17:00:00,0.2626,0.6863,12.0
2022-02-21 18:00:00,0.2739,0.6259,10.0
2022-02-21 19:00:00,0.3208,0.5289,8.6
2022-02-21 20:00:00,0.3154,0.5496,10.3
2022-02-21 21:00:00,0.2593,0.4695,9.3
2022-02-21 22:00:00,0.2729,0.5618,11.1
2022-02-21 23:00:00,0.2859,0.6566,12.7
2022-02-22 00:00:00,0.2824,0.5284,11.0
2022-02-22 03:00:00,0.1972,0.3588,8.7
2022-02-22 13:00:00,0.2198,0.4184,10.0
2022-02-22 14:00:00,0.2443,0.5027,10.6
2022-02-22 15:00:00,0.3693,0.5403,10.9
2022-02-22 20:00:00,0.4688,0.622,11.7
2022-02-22 21:00:00,0.3297,0.4965,10.1
2022-02-22 22:00:00,0.2904,0.5095,11.0
2022-02-22 23:00:00,0.2998,0.5469,12.1
2022-02-25 04:00:00,0.2381,0.431,11.0
2022-02-26 14:00:00,0.2362,0.4043,5.6
2022-02-26 17:00:00,0.2985,0.4954,10.7
2022-02-26 20:00:00,0.2179,0.4045,12.3
2022-02-26 21:00:00,0.2138,0.4029,12.3
2022-02-28 03:00:00,0.035,0.2092,5.8
2022-02-28 15:00:00,0.0964,0.2554,7.4
2022-03-01 14:00:00,0.2652,0.4861,11.1
2022-03-02 22:00:00,0.3392,0.5289,8.9
2022-03-03 02:00:00,0.1244,0.4304,8.0
2022-03-03 16:00:00,0.0563,0.2159,7.1
2022-03-04 12:00:00,0.4795,0.6371,10.9
2022-03-04 14:00:00,0.3981,0.5876,8.6
2022-03-04 16:00:00,0.2899,0.4767,7.1
2022-03-04 17:00:00,0.2391,0.4865,11.2
2022-03-05 05:00:00,0.1012,0.3016,6.4
2022-03-05 12:00:00,0.2414,0.4226,11.6
2022-03-05 13:00:00,0.1093,0.5247,13.5
2022-03-05 14:00:00,0.1291,0.575,12.8
2022-03-05 15:00:00,0.2622,0.606,13.3
2022-03-06 10:00:00,0.1523,0.3333,9.0
2022-03-06 11:00:00,0.0889,0.3321,9.4
2022-03-06 12:00:00,0.0744,0.2559,9.1
2022-03-06 13:00:00,0.0656,0.3098,9.8
2022-03-06 14:00:00,0.0617,0.375,8.7
2022-03-08 05:00:00,0.0824,0.253,4.2
2022-03-08 14:00:00,0.0949,0.2523,5.4
2022-03-11 14:00:00,0.2493,0.4875,6.9
2022-03-11 16:00:00,0.2065,0.3944,6.1
2022-03-11 17:00:00,0.1819,0.3795,6.0
2022-03-12 12:00:00,0.0779,0.394,6.9
2022-03-12 13:00:00,0.0186,0.4228,6.8
2022-03-12 14:00:00,0.0277,0.4688,7.9
2022-03-12 15:00:00,0.2268,0.5222,6.9
2022-03-13 17:00:00,0.1218,0.4651,7.0
2022-03-13 18:00:00,0.0422,0.2768,7.0
2022-03-13 19:00:00,0.1195,0.2885,7.0
2022-03-14 16:00:00,0.1524,0.3237,4.4
2022-03-15 12:00:00,0.0293,0.2119,2.8
2022-03-15 20:00:00,0.024,0.2283,5.5
2022-03-16 17:00:00,0.0567,0.343,3.7
2022-03-17 01:00:00,0.0128,0.2239,3.1
2022-03-18 16:00:00,0.1674,0.3793,10.3
2022-03-18 17:00:00,0.1384,0.3655,8.7
2022-03-19 03:00:00,0.0859,0.2474,6.8
2022-03-19 05:00:00,0.2066,0.4067,8.1
2022-03-19 23:00:00,0.0501,0.2653,6.4
2022-03-20 00:00:00,0.0612,0.2623,6.5
2022-03-20 02:00:00,0.1221,0.3171,7.5
2022-03-20 03:00:00,0.1481,0.3525,10.0
2022-03-25 20:00:00,0.5117,0.7125,12.9
2022-03-25 21:00:00,0.5444,0.7097,14.5
2022-03-25 23:00:00,0.4637,0.6726,15.7
2022-03-26 00:00:00,0.4638,0.6704,16.5
2022-03-26 01:00:00,0.4291,0.6559,13.2
2022-03-26 06:00:00,0.2195,0.4179,12.1
2022-03-27 15:00:00,0.0479,0.2674,6.1
2022-03-29 17:00:00,0.0746,0.2559,5.5
2022-03-30 17:00:00,0.0372,0.2032,2.9
2022-04-09 09:00:00,0.1525,0.3223,5.9
2022-04-09 10:00:00,0.012,0.2025,5.7
2022-04-09 11:00:00,0.0138,0.2514,6.8
2022-04-09 12:00:00,0.0144,0.3683,7.4
2022-04-09 13:00:00,0.0129,0.4159,8.0
2022-04-09 14:00:00,0.0196,0.3776,6.8
2022-04-09 15:00:00,0.0329,0.4966,7.5
2022-04-09 16:00:00,0.0582,0.3975,6.3
2022-04-10 09:00:00,0.1346,0.5489,8.3
2022-04-10 10:00:00,0.2297,0.406,8.1
2022-04-10 11:00:00,0.0182,0.4418,9.0
2022-04-10 12:00:00,0.0266,0.2014,7.1
2022-04-10 13:00:00,0.0476,0.2034,6.8
2022-04-12 14:00:00,0.0679,0.2356,6.6
2022-04-12 15:00:00,0.0556,0.3076,6.5
2022-04-12 16:00:00,0.0881,0.3644,6.3
2022-04-12 18:00:00,0.0289,0.2014,4.0
2022-04-12 20:00:00,0.0337,0.2334,4.7
2022-04-15 12:00:00,0.0239,0.2558,8.7
2022-04-15 13:00:00,0.02,0.2487,8.9
2022-04-16 14:00:00,0.0204,0.2034,5.9
2022-04-16 17:00:00,0.1175,0.285,9.2
2022-04-18 05:00:00,0.1258,0.294,4.9
2022-04-21 07:00:00,0.1784,0.4115,7.1
2022-04-22 00:00:00,0.2381,0.4928,7.9
2022-04-22 02:00:00,0.0955,0.276,5.6
2022-04-22 09:00:00,0.1825,0.4121,6.9
2022-04-22 10:00:00,0.2433,0.5917,8.0
2022-04-22 11:00:00,0.024,0.5364,7.8
2022-04-22 12:00:00,0.0405,0.5081,7.5
2022-04-22 13:00:00,0.0158,0.3641,6.9
2022-04-22 14:00:00,0.0153,0.5688,7.5
2022-04-22 15:00:00,0.1155,0.5906,7.8
2022-04-22 16:00:00,0.2955,0.4731,7.5
2022-04-22 17:00:00,0.2521,0.4212,7.3
2022-04-22 18:00:00,0.2053,0.5556,6.9
2022-04-26 02:00:00,0.4586,0.7168,11.1
2022-04-26 03:00:00,0.4558,0.6901,10.0
2022-04-26 04:00:00,0.5951,0.7491,9.9
2022-04-26 05:00:00,0.549,0.7116,10.1
2022-04-26 06:00:00,0.545,0.709,9.1
2022-04-27 11:00:00,0.0134,0.2307,8.1
2022-05-01 14:00:00,0.0426,0.2281,9.3
2022-05-01 15:00:00,0.0496,0.408,9.6
2022-05-01 16:00:00,0.1277,0.3353,8.9
2022-05-01 17:00:00,0.2512,0.4216,7.1
2022-05-02 07:00:00,0.3039,0.5383,7.8
2022-05-02 08:00:00,0.2713,0.4915,11.1
2022-05-02 10:00:00,0.1407,0.4652,11.3
2022-05-02 11:00:00,0.0378,0.4264,11.3
2022-05-02 12:00:00,0.0379,0.3766,11.7
2022-05-02 13:00:00,0.0336,0.3915,11.1
2022-05-02 14:00:00,0.0367,0.2235,8.7
2022-05-02 15:00:00,0.0262,0.2259,7.1
2022-05-02 16:00:00,0.0872,0.2487,6.6
2022-05-03 06:00:00,0.0853,0.2694,5.0
2022-05-04 10:00:00,0.0243,0.2092,6.7
2022-05-04 11:00:00,0.0179,0.2826,6.4
2022-05-04 13:00:00,0.0305,0.2284,6.5
2022-05-04 14:00:00,0.0222,0.2389,6.6
2022-05-08 00:00:00,0.2222,0.375,6.7
2022-05-12 05:00:00,0.0827,0.3335,6.1
2022-05-13 16:00:00,0.2222,0.4587,12.8
2022-05-15 15:00:00,0.0249,0.253,9.5
2022-05-15 16:00:00,0.068,0.3698,10.5
2022-05-17 16:00:00,0.0586,0.2445,2.6
2022-05-18 00:00:00,0.0423,0.2117,4.5
2022-05-23 14:00:00,0.0245,0.2861,4.3
2022-05-27 13:00:00,0.0257,0.3516,5.4
2022-05-27 14:00:00,0.1268,0.3553,4.5
2022-05-28 13:00:00,0.112,0.3468,4.9
2022-05-28 14:00:00,0.1355,0.3813,5.3
2022-05-28 18:00:00,0.0803,0.2819,6.7
2022-05-29 23:00:00,0.1679,0.4321,4.5
2022-05-30 04:00:00,0.0515,0.2213,9.7
2022-06-01 11:00:00,0.0327,0.2032,7.4
2022-06-02 14:00:00,0.0409,0.2331,2.9
2022-06-02 15:00:00,0.0358,0.2022,4.2
2022-06-05 01:00:00,0.4245,0.5923,9.3
2022-06-05 08:00:00,0.1715,0.3543,10.4
2022-06-06 14:00:00,0.0308,0.2512,8.5
2022-06-07 06:00:00,0.0363,0.2035,1.2
2022-06-07 07:00:00,0.0967,0.3433,1.8
2022-06-07 09:00:00,0.1374,0.3121,4.3
2022-06-07 10:00:00,0.1511,0.3481,5.1
2022-06-07 11:00:00,0.127,0.3335,4.4
2022-06-07 14:00:00,0.1559,0.3302,3.7
2022-06-07 17:00:00,0.0514,0.2995,4.0
2022-06-07 18:00:00,0.0617,0.248,3.9
2022-06-07 19:00:00,0.0412,0.316,3.3
2022-06-07 20:00:00,0.0558,0.4672,1.5
2022-06-07 21:00:00,0.0227,0.3498,1.6
2022-06-10 23:00:00,0.072,0.229,3.6
2022-06-13 06:00:00,0.107,0.3165,1.1
2022-06-13 07:00:00,0.2034,0.4075,0.3
2022-06-15 10:00:00,0.1564,0.3375,6.5
2022-06-16 19:00:00,0.0906,0.286,5.8
2022-06-16 20:00:00,0.1656,0.4706,7.3
2022-06-16 21:00:00,0.1942,0.4473,7.1
2022-06-17 02:00:00,0.2385,0.4388,7.3
2022-06-17 03:00:00,0.2473,0.4278,7.3
2022-06-17 05:00:00,0.1568,0.3204,5.1
2022-06-17 19:00:00,0.1437,0.4624,8.0
2022-06-17 21:00:00,0.1694,0.3276,6.2
2022-06-18 12:00:00,0.112,0.2823,7.3
2022-06-18 14:00:00,0.1183,0.2794,7.1
2022-06-18 18:00:00,0.1475,0.3057,6.2
2022-06-18 19:00:00,0.1576,0.3365,5.9
2022-06-18 20:00:00,0.2479,0.4035,7.0
2022-06-18 22:00:00,0.0953,0.3013,6.1
2022-06-22 09:00:00,0.0787,0.2603,4.7
2022-06-22 10:00:00,0.0925,0.2888,5.5
2022-06-22 13:00:00,0.0686,0.2188,6.5
2022-06-22 17:00:00,0.0958,0.2666,5.8
2022-06-22 19:00:00,0.1235,0.3003,5.8
2022-06-22 20:00:00,0.133,0.2969,5.6
2022-06-22 21:00:00,0.1458,0.339,6.2
2022-06-22 22:00:00,0.1861,0.356,6.5
2022-06-23 03:00:00,0.2823,0.5017,7.3
2022-06-23 16:00:00,0.4488,0.6016,8.3
2022-06-23 23:00:00,0.4497,0.6232,8.1
2022-06-24 07:00:00,0.389,0.6561,10.5
2022-06-24 08:00:00,0.3529,0.5589,8.3
2022-06-24 09:00:00,0.2345,0.5372,9.4
2022-06-24 16:00:00,0.278,0.5046,7.2
2022-06-24 17:00:00,0.2433,0.4791,6.6
2022-06-24 20:00:00,0.0966,0.2602,6.0
2022-06-24 21:00:00,0.1061,0.3962,6.2
2022-06-24 22:00:00,0.0447,0.2788,5.9
2022-07-06 09:00:00,0.2006,0.3708,8.5
2022-07-08 08:00:00,0.1206,0.3054,5.4
2022-07-08 10:00:00,0.0858,0.2566,4.0
2022-07-10 13:00:00,0.0438,0.2182,4.8
2022-07-10 14:00:00,0.0796,0.2308,5.4
2022-07-10 15:00:00,0.1127,0.2852,5.9
2022-07-10 16:00:00,0.1103,0.3014,7.1
2022-07-10 18:00:00,0.0986,0.3246,7.4
2022-07-10 19:00:00,0.0796,0.2452,5.8
2022-07-12 13:00:00,0.0519,0.3343,5.8
2022-07-12 14:00:00,0.0735,0.245,2.5
2022-07-12 15:00:00,0.0737,0.2277,2.4
2022-07-12 16:00:00,0.09,0.2879,3.7
2022-07-12 18:00:00,0.0814,0.2994,5.4
2022-07-12 19:00:00,0.0898,0.2629,5.0
2022-07-12 20:00:00,0.146,0.2987,5.2
2022-07-12 21:00:00,0.1556,0.4408,5.7
2022-07-12 22:00:00,0.1532,0.3387,5.3
2022-07-12 23:00:00,0.1648,0.4209,6.2
2022-07-13 00:00:00,0.2178,0.4766,6.6
2022-07-13 01:00:00,0.1325,0.4098,6.4
2022-07-13 02:00:00,0.1122,0.4177,5.2
2022-07-13 03:00:00,0.1664,0.4935,5.8
2022-07-13 04:00:00,0.1161,0.385,5.2
2022-07-13 05:00:00,0.1081,0.3291,5.9
2022-07-13 06:00:00,0.099,0.2896,5.6
2022-07-13 07:00:00,0.1076,0.2861,5.7
2022-07-13 10:00:00,0.0909,0.2434,5.4
2022-07-13 11:00:00,0.1346,0.3115,6.1
2022-07-13 12:00:00,0.1422,0.3859,6.9
2022-07-13 13:00:00,0.2004,0.3811,7.1
2022-07-13 14:00:00,0.311,0.4953,7.7
2022-07-13 16:00:00,0.1946,0.3925,5.7
2022-07-13 17:00:00,0.1691,0.3378,5.9
2022-07-13 18:00:00,0.165,0.4785,5.7
2022-07-13 19:00:00,0.1224,0.3,4.4
2022-07-13 20:00:00,0.2328,0.4784,6.3
2022-07-14 07:00:00,0.1755,0.4494,4.8
2022-07-14 08:00:00,0.0543,0.4634,5.5
2022-07-14 13:00:00,0.054,0.3003,5.8
2022-07-16 05:00:00,0.2594,0.4513,5.1
2022-07-16 06:00:00,0.2808,0.4442,5.4
2022-07-16 09:00:00,0.1705,0.3431,5.6
2022-07-16 10:00:00,0.1499,0.3386,5.3
2022-07-17 19:00:00,0.1011,0.2961,5.7
2022-07-17 23:00:00,0.2416,0.5163,7.3
2022-07-18 00:00:00,0.2825,0.4346,7.8
2022-07-18 01:00:00,0.33,0.5891,8.7
2022-07-18 09:00:00,0.4767,0.6646,10.1
2022-07-18 16:00:00,0.2131,0.4233,6.7
2022-07-18 17:00:00,0.1917,0.5617,7.5
2022-07-18 18:00:00,0.192,0.3955,7.1
2022-07-18 19:00:00,0.2358,0.4264,6.9
2022-07-18 20:00:00,0.3148,0.4944,7.3
2022-07-18 21:00:00,0.2722,0.5277,7.0
2022-07-18 23:00:00,0.207,0.3796,10.0
2022-07-19 04:00:00,0.1144,0.3005,7.2
2022-07-19 05:00:00,0.1044,0.2613,5.2
2022-07-20 12:00:00,0.0139,0.226,4.9
2022-07-20 13:00:00,0.0083,0.2521,6.5
2022-07-20 14:00:00,0.0083,0.2281,6.0
2022-07-20 15:00:00,0.0095,0.2297,6.3
2022-07-20 16:00:00,0.0233,0.2463,5.7
2022-07-20 18:00:00,0.0271,0.225,6.0
2022-07-20 19:00:00,0.0511,0.2347,4.6
2022-07-20 21:00:00,0.1315,0.3219,5.2
2022-07-21 05:00:00,0.2303,0.3845,5.7
2022-07-22 08:00:00,0.0854,0.3172,4.8
2022-07-24 05:00:00,0.0933,0.2976,9.8
2022-07-24 06:00:00,0.1063,0.309,10.4
2022-07-25 00:00:00,0.0462,0.2179,2.5
2022-07-25 01:00:00,0.0332,0.2064,2.3
2022-07-25 06:00:00,0.0228,0.2319,5.0
2022-07-26 14:00:00,0.0567,0.2386,5.7
2022-07-26 15:00:00,0.0754,0.2705,6.6
2022-07-27 08:00:00,0.0368,0.206,4.7
2022-07-27 10:00:00,0.0748,0.2366,5.8
2022-07-27 11:00:00,0.0913,0.2707,5.8
2022-07-27 12:00:00,0.117,0.2688,6.6
2022-07-27 13:00:00,0.1124,0.2809,6.6
2022-07-27 19:00:00,0.0773,0.2302,5.8
2022-07-29 17:00:00,0.1344,0.3375,2.5
2022-08-01 04:00:00,0.3615,0.5398,8.5
2022-08-02 09:00:00,0.2428,0.4028,12.8
2022-08-03 12:00:00,0.1214,0.2938,6.7
2022-08-05 10:00:00,0.0426,0.2783,8.3
2022-08-05 15:00:00,0.1697,0.329,5.4
2022-08-06 12:00:00,0.0416,0.2412,3.6
2022-08-08 17:00:00,0.2252,0.3772,5.9
2022-08-08 18:00:00,0.2129,0.3821,6.5
2022-08-09 09:00:00,0.1647,0.334,6.7
2022-08-09 16:00:00,0.1538,0.3498,4.8
2022-08-09 17:00:00,0.1277,0.3736,7.1
2022-08-10 13:00:00,0.1442,0.3325,4.5
2022-08-10 16:00:00,0.1635,0.3824,5.1
2022-08-11 10:00:00,0.2678,0.4218,7.3
2022-08-11 17:00:00,0.1127,0.333,4.7
2022-08-13 10:00:00,0.1148,0.2949,5.4
2022-08-13 11:00:00,0.0778,0.3002,5.3
2022-08-13 12:00:00,0.1013,0.3028,4.8
2022-08-13 13:00:00,0.1869,0.3578,5.6
2022-08-13 16:00:00,0.0989,0.3924,4.9
2022-08-14 17:00:00,0.1485,0.3309,6.1
2022-08-17 03:00:00,0.331,0.5504,16.3
2022-08-17 06:00:00,0.281,0.5443,15.2
2022-08-17 11:00:00,0.1061,0.4932,16.4
2022-09-05 22:00:00,0.2658,0.6126,17.1
2022-09-06 10:00:00,0.419,0.5819,17.4
2022-09-06 12:00:00,0.137,0.5541,15.8
2022-09-06 13:00:00,0.2298,0.5356,14.5
2022-09-06 15:00:00,0.2074,0.4169,12.9
2022-09-18 12:00:00,0.065,0.2222,8.9
2022-09-24 10:00:00,0.1248,0.312,10.3
2022-09-24 12:00:00,0.0269,0.283,10.2
2022-09-24 13:00:00,0.0234,0.2727,10.8
2022-09-24 14:00:00,0.0246,0.2407,9.5
2022-10-05 12:00:00,0.0555,0.2286,10.3
2022-10-05 13:00:00,0.0435,0.2116,9.9
2022-10-07 13:00:00,0.0221,0.3703,13.0
2022-10-07 14:00:00,0.1147,0.2847,11.5
2022-10-08 15:00:00,0.2179,0.3761,3.9
2022-10-09 11:00:00,0.0322,0.2338,3.9
2022-10-09 18:00:00,0.218,0.6045,19.2
2022-10-10 10:00:00,0.2799,0.5589,15.7
2022-10-10 11:00:00,0.13,0.4733,14.2
2022-10-10 12:00:00,0.1255,0.3621,13.0
2022-10-10 13:00:00,0.0169,0.3446,13.5
2022-10-10 14:00:00,0.2124,0.5328,14.6
2022-10-13 13:00:00,0.1347,0.29,7.5
2022-10-15 10:00:00,0.0476,0.2928,4.6
2022-10-17 13:00:00,0.0318,0.3791,12.4
2022-10-17 14:00:00,0.0335,0.5906,14.7
2022-10-17 15:00:00,0.0336,0.5937,14.7
2022-10-17 16:00:00,0.3232,0.6123,15.6
2022-10-18 10:00:00,0.0098,0.345,11.9
2022-10-18 11:00:00,0.0093,0.2825,10.9
2022-10-18 12:00:00,0.0105,0.2729,10.9
2022-10-18 13:00:00,0.0098,0.3656,12.4
2022-10-18 14:00:00,0.0103,0.3667,11.4
2022-10-18 15:00:00,0.064,0.4234,12.3
2022-10-19 11:00:00,0.0214,0.3034,9.6
2022-10-23 12:00:00,0.0315,0.2689,10.2
2022-10-23 13:00:00,0.0309,0.3378,10.7
2022-10-23 14:00:00,0.0326,0.3844,11.8
2022-10-23 15:00:00,0.2049,0.3939,11.6
2022-10-24 10:00:00,0.2998,0.4659,13.6
2022-10-24 11:00:00,0.1298,0.4105,13.6
2022-10-24 12:00:00,0.0372,0.3868,13.3
2022-10-24 13:00:00,0.0447,0.4054,13.4
2022-10-24 14:00:00,0.0464,0.6106,15.8
2022-10-24 15:00:00,0.2264,0.4633,12.9
2022-10-25 12:00:00,0.0278,0.2161,6.6
2022-10-30 10:00:00,0.0585,0.2194,6.3
2022-10-30 11:00:00,0.0476,0.2693,4.6
2022-10-30 12:00:00,0.0456,0.35,4.8
2022-10-30 13:00:00,0.048,0.2139,5.9
2022-10-31 12:00:00,0.1222,0.3878,4.4
2022-10-31 13:00:00,0.0762,0.2669,4.8
2022-11-01 13:00:00,0.0439,0.2016,7.8
2022-11-03 03:00:00,0.0594,0.2471,4.3
2022-11-04 10:00:00,0.2206,0.3856,12.4
2022-11-04 11:00:00,0.0669,0.4099,12.2
2022-11-04 12:00:00,0.0632,0.4185,12.6
2022-11-04 13:00:00,0.0579,0.4357,13.5
2022-11-04 14:00:00,0.2613,0.4342,12.7
2022-11-05 14:00:00,0.0305,0.2155,9.2
2022-11-13 04:00:00,0.3355,0.6325,16.1
2022-11-13 11:00:00,0.4024,0.6086,15.4
2022-11-13 12:00:00,0.428,0.5797,14.4
2022-11-18 14:00:00,0.1242,0.3117,3.6
2022-11-19 03:00:00,0.1146,0.2885,2.7
2022-11-28 06:00:00,0.4057,0.5684,10.2
2022-11-28 23:00:00,0.0797,0.3904,4.1
2022-11-29 01:00:00,0.2288,0.4731,12.7
2022-11-29 03:00:00,0.3303,0.5477,14.4
2022-12-01 12:00:00,0.1335,0.4309,4.2
2022-12-06 14:00:00,0.2578,0.5493,12.7
2022-12-06 15:00:00,0.3886,0.5601,12.6
2022-12-06 21:00:00,0.1356,0.3274,9.3
2022-12-06 22:00:00,0.1193,0.2927,9.1
2022-12-06 23:00:00,0.1054,0.341,8.8
2022-12-07 01:00:00,0.0909,0.2752,8.5
2022-12-07 03:00:00,0.1027,0.255,5.8
2022-12-07 06:00:00,0.1312,0.3456,8.7
2022-12-08 11:00:00,0.1373,0.2987,5.3
2022-12-12 22:00:00,0.2894,0.5451,14.5
2022-12-14 21:00:00,0.1761,0.4931,12.2
2022-12-14 23:00:00,0.1303,0.3068,10.4
2022-12-15 00:00:00,0.0821,0.2807,9.5
2022-12-15 01:00:00,0.0648,0.2903,8.1
2022-12-15 02:00:00,0.0606,0.2799,9.0
2022-12-15 03:00:00,0.1229,0.3158,10.1
2022-12-15 06:00:00,0.1033,0.2703,6.1
2022-12-16 00:00:00,0.056,0.2585,0.2
2022-12-17 07:00:00,0.4024,0.6911,16.1
2022-12-17 17:00:00,0.5589,0.7418,18.0
2022-12-18 05:00:00,0.4231,0.6992,18.8
2022-12-18 22:00:00,0.4299,0.6615,16.9
2022-12-18 23:00:00,0.5264,0.6951,16.3
2022-12-19 01:00:00,0.3361,0.659,16.8
2022-12-19 02:00:00,0.2913,0.515,13.9
2022-12-19 04:00:00,0.3988,0.5884,15.0
2022-12-19 13:00:00,0.0396,0.2613,9.3
2022-12-19 16:00:00,0.0373,0.2018,8.8
2022-12-19 18:00:00,0.0718,0.2698,10.0
2022-12-20 20:00:00,0.141,0.2918,4.5
2022-12-20 22:00:00,0.2238,0.4075,6.9
2022-12-20 23:00:00,0.0678,0.3273,6.8
2022-12-21 04:00:00,0.164,0.4052,11.9
2022-12-21 05:00:00,0.1237,0.3568,10.2
2022-12-21 06:00:00,0.2281,0.5102,13.3
2022-12-21 07:00:00,0.0678,0.2826,9.3
2022-12-21 08:00:00,0.136,0.3587,10.6
2022-12-21 09:00:00,0.1888,0.5232,12.9
2022-12-21 10:00:00,0.0462,0.2502,9.0
2022-12-21 12:00:00,0.1536,0.3393,11.2
2022-12-21 13:00:00,0.1314,0.2887,9.3
2022-12-21 14:00:00,0.0996,0.5035,12.8
2022-12-21 15:00:00,0.2869,0.6534,15.8
2022-12-21 16:00:00,0.3206,0.6098,14.8
2022-12-21 19:00:00,0.552,0.7528,15.4
2022-12-21 20:00:00,0.5049,0.7058,14.6
2022-12-21 21:00:00,0.5346,0.6861,15.6
2022-12-21 23:00:00,0.517,0.6925,15.7
2022-12-22 00:00:00,0.5005,0.6712,15.1
2022-12-22 01:00:00,0.5358,0.6921,17.8
2022-12-22 07:00:00,0.3005,0.4909,13.2
2022-12-30 01:00:00,0.091,0.3044,8.1
2022-12-30 07:00:00,0.1947,0.3766,11.5
2022-12-30 17:00:00,0.2464,0.4853,11.1
2022-12-30 18:00:00,0.2558,0.4062,10.7
2022-12-30 20:00:00,0.2364,0.4188,9.6
2022-12-30 23:00:00,0.2177,0.3707,9.0
2022-12-31 01:00:00,0.1929,0.346,8.8
2022-12-31 08:00:00,0.2403,0.4105,11.9
2022-12-31 17:00:00,0.2801,0.5002,10.1
2023-01-06 00:00:00,0.0391,0.2652,2.1
2023-01-06 02:00:00,0.0418,0.3076,2.4
2023-01-06 19:00:00,0.0673,0.3,11.2
2023-01-06 20:00:00,0.1586,0.5805,15.6
2023-01-06 21:00:00,0.2539,0.5971,16.5
2023-01-06 22:00:00,0.3732,0.6204,16.1
2023-01-06 23:00:00,0.3905,0.6266,17.6
2023-01-07 11:00:00,0.2063,0.7065,16.7
2023-01-07 12:00:00,0.246,0.6814,15.4
2023-01-07 13:00:00,0.1327,0.6527,14.7
2023-01-07 14:00:00,0.1348,0.714,14.9
2023-01-07 15:00:00,0.4457,0.6395,14.0
2023-01-08 05:00:00,0.1182,0.3446,2.4
2023-01-18 23:00:00,0.0422,0.2062,8.9
2023-01-19 01:00:00,0.0728,0.264,8.4
2023-01-19 19:00:00,0.055,0.2974,9.7
2023-01-20 04:00:00,0.1702,0.3671,12.3
2023-01-23 12:00:00,0.2308,0.3985,9.3
2023-01-23 13:00:00,0.0263,0.3543,8.2
2023-01-23 14:00:00,0.242,0.3943,8.6
2023-01-24 16:00:00,0.5317,0.7084,17.9
2023-01-26 11:00:00,0.0552,0.2306,4.6
2023-01-26 12:00:00,0.0551,0.2622,2.6
2023-01-26 20:00:00,0.0463,0.2102,0.0
2023-01-27 10:00:00,0.4956,0.693,17.1
2023-01-27 17:00:00,0.5066,0.7243,17.9
2023-01-27 18:00:00,0.5087,0.6978,16.0
2023-01-28 12:00:00,0.1456,0.3347,11.4
2023-01-29 16:00:00,0.202,0.3951,0.0
2023-01-31 12:00:00,0.1203,0.3614,0.0
2023-01-31 14:00:00,0.1004,0.3297,0.0
2023-01-31 15:00:00,0.1058,0.4066,0.0
2023-01-31 16:00:00,0.1221,0.4311,0.0
2023-02-01 13:00:00,0.2116,0.4381,0.0
2023-02-02 13:00:00,0.1364,0.3114,0.0
2023-02-05 14:00:00,0.038,0.2167,0.0
2023-02-05 15:00:00,0.0323,0.2203,0.0
2023-02-05 16:00:00,0.0279,0.2186,0.0
2023-02-08 13:00:00,0.0238,0.2216,8.4
2023-02-08 14:00:00,0.0463,0.3951,8.5
2023-02-09 10:00:00,0.078,0.4637,3.2
2023-02-09 20:00:00,0.1381,0.4088,2.2
2023-02-09 21:00:00,0.2292,0.4016,3.6
2023-02-12 14:00:00,0.0568,0.3524,10.1
2023-02-14 13:00:00,0.0327,0.3837,11.0
2023-02-14 14:00:00,0.0251,0.448,11.9
2023-02-14 15:00:00,0.1644,0.4767,11.9
2023-02-15 16:00:00,0.2494,0.4026,9.6
2023-02-16 05:00:00,0.1429,0.3281,5.1
2023-02-19 00:00:00,0.0596,0.2865,7.4
2023-02-19 01:00:00,0.075,0.2455,8.5
2023-02-19 02:00:00,0.2728,0.5409,14.0
2023-02-19 04:00:00,0.5481,0.7925,14.7
2023-02-20 05:00:00,0.4744,0.6926,12.1
2023-02-20 12:00:00,0.1267,0.3187,8.9
2023-02-21 13:00:00,0.1402,0.4056,6.8
2023-02-21 15:00:00,0.1827,0.4727,7.7
2023-02-21 16:00:00,0.1841,0.4764,8.2
2023-02-21 17:00:00,0.1348,0.5001,7.5
2023-02-21 21:00:00,0.055,0.2201,4.7
2023-02-21 23:00:00,0.0418,0.3139,5.6
2023-02-22 03:00:00,0.0816,0.2387,3.7
2023-02-22 08:00:00,0.0448,0.2587,4.2
2023-02-22 21:00:00,0.0336,0.2568,4.6
2023-02-22 22:00:00,0.0527,0.2628,7.4
2023-02-22 23:00:00,0.0485,0.2501,6.0
2023-02-23 00:00:00,0.055,0.3577,6.7
2023-02-23 01:00:00,0.1962,0.3577,6.7
2023-02-23 02:00:00,0.0946,0.2466,5.8
2023-02-23 04:00:00,0.135,0.3285,7.1
2023-02-23 16:00:00,0.0492,0.2199,5.6
2023-02-23 17:00:00,0.0863,0.2625,6.0
2023-02-23 21:00:00,0.1284,0.2923,6.7
2023-02-23 23:00:00,0.0915,0.2429,4.5
2023-02-25 11:00:00,0.3586,0.5395,13.7
2023-02-25 12:00:00,0.2573,0.5414,13.8
2023-02-25 13:00:00,0.0621,0.6147,14.5
2023-02-25 14:00:00,0.0905,0.6391,14.3
2023-02-25 15:00:00,0.187,0.6605,14.1
2023-02-25 16:00:00,0.2399,0.687,14.3
2023-02-26 11:00:00,0.0207,0.3629,8.8
2023-02-26 12:00:00,0.017,0.2317,8.8
2023-02-26 13:00:00,0.0386,0.2225,8.8
2023-02-26 14:00:00,0.021,0.3672,10.4
2023-02-26 15:00:00,0.0223,0.4435,8.5
2023-02-26 16:00:00,0.0442,0.4066,9.6
2023-02-28 11:00:00,0.0306,0.2141,5.0
2023-02-28 14:00:00,0.0115,0.4102,5.5
2023-03-01 00:00:00,0.0592,0.2101,5.2
2023-03-01 06:00:00,0.0735,0.2473,9.5
2023-03-01 07:00:00,0.0875,0.2502,7.4
2023-03-01 08:00:00,0.0868,0.243,6.5
2023-03-01 16:00:00,0.3545,0.5481,9.7
2023-03-02 11:00:00,0.2207,0.5376,11.9
2023-03-02 12:00:00,0.0601,0.3463,11.3
2023-03-02 13:00:00,0.0327,0.4938,12.8
2023-03-02 14:00:00,0.0293,0.407,11.5
2023-03-02 15:00:00,0.1298,0.4694,11.2
2023-03-02 16:00:00,0.3387,0.4969,11.5
2023-03-02 19:00:00,0.5356,0.7086,12.6
2023-03-04 17:00:00,0.0397,0.2007,5.4
2023-03-05 05:00:00,0.0246,0.2109,4.9
2023-03-05 14:00:00,0.0367,0.2145,3.9
2023-03-07 09:00:00,0.0968,0.2978,5.7
2023-03-07 10:00:00,0.1807,0.3614,6.8
2023-03-07 11:00:00,0.0614,0.4783,7.2
2023-03-07 12:00:00,0.0524,0.3189,6.2
2023-03-07 13:00:00,0.0106,0.3177,5.4
2023-03-07 14:00:00,0.0504,0.3271,5.3
2023-03-07 15:00:00,0.1211,0.3496,4.3
2023-03-08 10:00:00,0.3258,0.5281,7.7
2023-03-08 12:00:00,0.1456,0.5141,7.8
2023-03-08 13:00:00,0.0855,0.5723,9.0
2023-03-08 14:00:00,0.2137,0.5615,8.3
2023-03-08 15:00:00,0.3359,0.584,7.9
2023-03-08 17:00:00,0.3352,0.562,6.9
2023-03-09 03:00:00,0.3946,0.5918,7.1
2023-03-09 04:00:00,0.3776,0.5673,6.8
2023-03-09 08:00:00,0.2616,0.4561,5.5
2023-03-09 09:00:00,0.2117,0.3637,5.1
2023-03-09 10:00:00,0.1954,0.3834,5.3
2023-03-11 12:00:00,0.0095,0.2314,7.1
2023-03-12 11:00:00,0.2248,0.5881,14.6
2023-03-12 18:00:00,0.6095,0.7768,18.5
2023-03-13 11:00:00,0.1228,0.3585,7.5
2023-03-13 12:00:00,0.0264,0.3049,6.2
2023-03-13 13:00:00,0.0218,0.2958,6.3
2023-03-13 16:00:00,0.0681,0.2648,6.7
2023-03-13 17:00:00,0.1002,0.3195,6.9
2023-03-14 01:00:00,0.0559,0.2239,3.4
2023-03-14 02:00:00,0.0629,0.2144,4.2
2023-03-14 03:00:00,0.0819,0.2438,4.3
2023-03-14 10:00:00,0.1001,0.3429,7.4
2023-03-14 11:00:00,0.034,0.2449,6.7
2023-03-14 12:00:00,0.0282,0.4794,8.1
2023-03-14 13:00:00,0.0393,0.4921,8.4
2023-03-14 14:00:00,0.0473,0.6169,9.0
2023-03-14 15:00:00,0.0279,0.4876,7.1
2023-03-14 16:00:00,0.052,0.5496,7.6
2023-03-14 17:00:00,0.3271,0.4997,7.1
2023-03-14 18:00:00,0.2549,0.4754,7.1
2023-03-14 19:00:00,0.2597,0.4807,7.7
2023-03-14 20:00:00,0.3653,0.7156,8.8
2023-03-14 21:00:00,0.5004,0.7217,9.0
2023-03-14 22:00:00,0.3908,0.7384,10.1
2023-03-15 01:00:00,0.5094,0.6715,11.6
2023-03-15 02:00:00,0.4844,0.6425,11.4
2023-03-15 03:00:00,0.5527,0.726,11.5
2023-03-15 10:00:00,0.2158,0.4436,6.7
2023-03-15 11:00:00,0.0226,0.4036,6.8
2023-03-15 12:00:00,0.0221,0.4264,6.7
2023-03-15 13:00:00,0.0154,0.5179,7.2
2023-03-15 14:00:00,0.1755,0.4877,7.1
2023-03-15 15:00:00,0.1626,0.3368,6.1
2023-03-15 17:00:00,0.0789,0.2798,5.1
2023-03-15 22:00:00,0.0396,0.2465,6.4
2023-03-16 11:00:00,0.1102,0.3617,10.1
2023-03-16 12:00:00,0.0207,0.2633,9.1
2023-03-16 13:00:00,0.0223,0.3678,9.0
2023-03-16 14:00:00,0.0369,0.5248,11.0
2023-03-16 15:00:00,0.1335,0.455,10.5
2023-03-16 16:00:00,0.0537,0.5688,11.2
2023-03-16 17:00:00,0.2991,0.5596,9.8
2023-03-16 18:00:00,0.2405,0.4226,9.6
2023-03-18 03:00:00,0.2513,0.4139,9.0
2023-03-18 10:00:00,0.0449,0.3159,7.6
2023-03-18 11:00:00,0.0192,0.2328,8.6
2023-03-18 12:00:00,0.0219,0.2149,8.1
2023-03-18 14:00:00,0.0275,0.2377,9.0
2023-03-18 15:00:00,0.0335,0.3224,9.9
2023-03-19 11:00:00,0.0253,0.2086,8.5
2023-03-22 17:00:00,0.0485,0.2084,4.8
2023-03-22 18:00:00,0.061,0.2283,4.8
2023-03-22 20:00:00,0.0766,0.2708,4.0
2023-03-22 22:00:00,0.0282,0.2015,2.2
2023-03-24 20:00:00,0.1171,0.2838,5.8
2023-03-24 21:00:00,0.1328,0.332,5.4
2023-03-24 22:00:00,0.1842,0.3359,3.7
2023-03-25 01:00:00,0.0803,0.3016,1.9
2023-03-25 03:00:00,0.139,0.3138,3.8
2023-03-25 17:00:00,0.1326,0.3194,1.0
2023-03-25 19:00:00,0.1698,0.3309,2.7
2023-03-25 21:00:00,0.0891,0.2921,1.7
2023-03-25 22:00:00,0.0829,0.2518,3.6
2023-03-26 00:00:00,0.0824,0.2736,5.4
2023-03-26 03:00:00,0.143,0.3289,7.0
2023-03-26 04:00:00,0.1924,0.4059,8.0
2023-03-26 15:00:00,0.1505,0.3094,9.8
2023-03-27 11:00:00,0.0781,0.2907,10.2
2023-03-27 12:00:00,0.0216,0.2385,8.6
2023-03-27 14:00:00,0.0364,0.2362,7.4
2023-03-27 15:00:00,0.0667,0.2532,8.2
2023-03-28 02:00:00,0.0486,0.2719,5.3
2023-03-28 07:00:00,0.0481,0.2183,4.0
2023-03-28 20:00:00,0.0536,0.2695,3.6
2023-03-28 21:00:00,0.0641,0.2944,4.2
2023-03-28 22:00:00,0.0424,0.2437,3.4
2023-03-28 23:00:00,0.0446,0.2255,3.0
2023-03-29 03:00:00,0.0173,0.2036,2.6
2023-03-30 08:00:00,0.0489,0.2483,5.1
2023-04-01 04:00:00,0.0546,0.2277,5.5
2023-04-01 05:00:00,0.092,0.2503,4.6
2023-04-01 06:00:00,0.1275,0.3254,5.7
2023-04-01 14:00:00,0.0336,0.2401,3.0
2023-04-01 16:00:00,0.0649,0.2839,4.4
2023-04-01 17:00:00,0.0489,0.2402,3.3
2023-04-02 10:00:00,0.0305,0.2388,6.7
2023-04-02 11:00:00,0.0346,0.2548,5.5
2023-04-02 12:00:00,0.0278,0.2358,3.4
2023-04-02 13:00:00,0.0324,0.2929,4.4
2023-04-02 14:00:00,0.0303,0.3347,4.4
2023-04-02 15:00:00,0.0355,0.336,3.0
2023-04-02 16:00:00,0.1772,0.401,5.9
2023-04-03 12:00:00,0.046,0.2744,7.1
2023-04-03 14:00:00,0.0366,0.3216,4.9
2023-04-03 15:00:00,0.0715,0.3611,5.1
2023-04-03 21:00:00,0.1754,0.3802,6.5
2023-04-03 22:00:00,0.1831,0.3854,6.6
2023-04-03 23:00:00,0.1636,0.3282,5.9
2023-04-04 01:00:00,0.1106,0.3159,6.6
2023-04-04 06:00:00,0.2416,0.5148,7.8
2023-04-04 08:00:00,0.3065,0.4787,8.7
2023-04-05 02:00:00,0.4957,0.6464,13.7
2023-04-06 03:00:00,0.1436,0.3099,9.3
2023-04-06 04:00:00,0.1375,0.3135,9.8
2023-04-06 07:00:00,0.1546,0.3083,7.9
2023-04-07 12:00:00,0.0494,0.2574,11.3
2023-04-08 12:00:00,0.0224,0.2633,11.9
2023-04-08 13:00:00,0.0226,0.4924,16.1
2023-04-08 14:00:00,0.0212,0.5416,16.6
2023-04-08 15:00:00,0.0443,0.5236,14.2
2023-04-08 16:00:00,0.1812,0.4768,12.8
2023-04-10 04:00:00,0.247,0.4165,7.9
2023-04-10 05:00:00,0.2845,0.4385,7.5
2023-04-10 10:00:00,0.1796,0.454,7.6
2023-04-10 11:00:00,0.0321,0.2494,6.9
2023-04-10 12:00:00,0.0398,0.2762,6.2
2023-04-10 13:00:00,0.03,0.2597,6.3
2023-04-10 14:00:00,0.0593,0.3914,8.2
2023-04-10 15:00:00,0.2103,0.4945,8.4
2023-04-10 16:00:00,0.2154,0.4859,7.1
2023-04-10 17:00:00,0.128,0.3247,7.3
2023-04-11 03:00:00,0.42,0.6081,9.7
2023-04-11 04:00:00,0.3143,0.5166,10.0
2023-04-11 05:00:00,0.3784,0.5949,10.3
2023-04-11 12:00:00,0.0468,0.4017,8.2
2023-04-11 13:00:00,0.1518,0.4248,8.1
2023-04-12 10:00:00,0.1289,0.3016,11.1
2023-04-12 11:00:00,0.0191,0.3062,10.3
2023-04-12 12:00:00,0.0621,0.2171,8.3
2023-04-12 13:00:00,0.0206,0.2754,10.0
2023-04-12 15:00:00,0.055,0.2306,9.4
2023-04-13 00:00:00,0.0705,0.2236,6.3
2023-04-13 16:00:00,0.0656,0.243,7.0
2023-04-13 17:00:00,0.1086,0.3434,7.4
2023-04-14 18:00:00,0.4696,0.6753,10.6
2023-04-14 19:00:00,0.4811,0.6646,9.2
2023-04-14 20:00:00,0.3327,0.6093,7.6
2023-04-15 13:00:00,0.1573,0.419,12.2
2023-04-15 23:00:00,0.2382,0.438,7.7
2023-04-16 04:00:00,0.0948,0.2991,6.8
2023-04-16 05:00:00,0.1461,0.3656,5.7
2023-04-16 06:00:00,0.0592,0.2592,5.5
2023-04-16 08:00:00,0.1531,0.3278,10.0
2023-04-16 11:00:00,0.0227,0.659,17.6
2023-04-16 12:00:00,0.0224,0.6104,14.8
2023-04-16 13:00:00,0.023,0.5051,13.5
2023-04-16 14:00:00,0.0241,0.538,13.4
2023-04-16 15:00:00,0.0266,0.475,11.9
2023-04-16 16:00:00,0.1454,0.5921,13.7
2023-04-16 22:00:00,0.1941,0.3586,6.9
2023-04-16 23:00:00,0.1454,0.3575,4.0
2023-04-17 02:00:00,0.0284,0.2126,3.7
2023-04-17 11:00:00,0.0216,0.3905,8.1
2023-04-17 12:00:00,0.0076,0.2507,7.2
2023-04-17 14:00:00,0.0122,0.2722,6.9
2023-04-17 15:00:00,0.0844,0.4164,8.5
2023-04-18 21:00:00,0.4198,0.5792,6.5
2023-04-18 22:00:00,0.2831,0.6882,8.0
2023-04-19 00:00:00,0.1566,0.3431,5.3
2023-04-19 01:00:00,0.1968,0.3906,5.8
2023-04-19 03:00:00,0.082,0.3234,5.4
2023-04-19 05:00:00,0.0632,0.2439,6.0
2023-04-19 06:00:00,0.0605,0.2367,4.9
2023-04-19 07:00:00,0.083,0.2889,5.3
2023-04-19 08:00:00,0.0406,0.261,5.1
2023-04-19 09:00:00,0.0708,0.268,5.9
2023-04-19 10:00:00,0.0507,0.2229,5.6
2023-04-20 23:00:00,0.3443,0.5215,7.3
2023-04-21 11:00:00,0.1357,0.4862,10.4
2023-04-21 12:00:00,0.0491,0.463,9.7
2023-04-21 13:00:00,0.0622,0.3862,8.5
2023-04-21 14:00:00,0.0841,0.3717,9.5
2023-04-21 15:00:00,0.1382,0.6272,10.1
2023-04-21 17:00:00,0.2957,0.471,8.7
2023-04-22 10:00:00,0.0939,0.4065,4.2
2023-04-22 11:00:00,0.0576,0.3563,4.2
2023-04-22 12:00:00,0.0607,0.3878,7.6
2023-04-22 13:00:00,0.0594,0.3668,2.7
2023-04-22 14:00:00,0.058,0.3834,6.7
2023-04-22 15:00:00,0.2522,0.4227,8.3
2023-04-23 13:00:00,0.0554,0.2462,2.7
2023-04-23 23:00:00,0.321,0.4859,7.5
2023-04-24 23:00:00,0.1191,0.3075,5.1
2023-04-25 00:00:00,0.0962,0.3398,7.1
2023-04-26 10:00:00,0.1038,0.3612,8.9
2023-04-26 11:00:00,0.065,0.4025,10.4
2023-04-26 12:00:00,0.0872,0.4035,10.5
2023-04-26 13:00:00,0.0693,0.3852,11.9
2023-04-26 14:00:00,0.1016,0.4078,10.8
2023-04-26 15:00:00,0.0775,0.3217,8.7
2023-04-26 16:00:00,0.1562,0.3869,9.3
2023-04-27 21:00:00,0.1476,0.298,6.3
2023-04-28 23:00:00,0.225,0.4695,8.9
2023-04-29 00:00:00,0.3459,0.6042,8.2
2023-04-29 01:00:00,0.3984,0.5528,8.3
2023-04-29 04:00:00,0.1406,0.2956,4.2
2023-04-29 05:00:00,0.1319,0.3591,6.0
2023-04-29 16:00:00,0.3783,0.6208,14.7
2023-04-30 13:00:00,0.0174,0.2826,4.9
2023-05-01 01:00:00,0.0828,0.2553,8.0
2023-05-01 03:00:00,0.1381,0.3562,7.5
2023-05-01 04:00:00,0.1505,0.3273,6.2
2023-05-01 05:00:00,0.18,0.3591,6.4
2023-05-01 06:00:00,0.2024,0.3735,8.2
2023-05-02 00:00:00,0.0194,0.2106,5.3
2023-05-02 04:00:00,0.0619,0.212,4.5
2023-05-02 12:00:00,0.0218,0.3498,8.0
2023-05-04 04:00:00,0.3958,0.6016,8.9
2023-05-04 19:00:00,0.4379,0.6358,7.8
2023-05-04 21:00:00,0.4015,0.5955,11.1
2023-05-06 01:00:00,0.402,0.6084,9.4
2023-05-06 02:00:00,0.3982,0.6299,8.1
2023-05-06 12:00:00,0.0325,0.352,4.0
2023-05-06 21:00:00,0.2553,0.454,0.0
2023-05-08 09:00:00,0.166,0.3541,6.0
2023-05-08 13:00:00,0.0143,0.2002,8.3
2023-05-10 14:00:00,0.0133,0.2474,7.5
2023-05-12 17:00:00,0.0825,0.2442,6.6
2023-05-12 21:00:00,0.1023,0.3957,4.4
2023-05-13 05:00:00,0.1381,0.317,5.7
2023-05-13 06:00:00,0.1243,0.3193,5.7
2023-05-15 14:00:00,0.2733,0.6192,8.9
2023-05-15 15:00:00,0.1491,0.4656,9.0
2023-05-15 16:00:00,0.1538,0.3788,8.6
2023-05-15 17:00:00,0.1592,0.3803,7.3
2023-05-15 18:00:00,0.1931,0.4394,7.3
2023-05-15 21:00:00,0.183,0.3331,6.4
2023-05-15 22:00:00,0.1094,0.2986,5.7
2023-05-15 23:00:00,0.0769,0.3843,6.9
2023-05-16 00:00:00,0.0641,0.2421,5.3
2023-05-16 13:00:00,0.0224,0.5181,8.2
2023-05-16 14:00:00,0.0826,0.3263,6.9
2023-05-16 15:00:00,0.0776,0.4038,7.1
2023-05-16 16:00:00,0.0747,0.5047,6.8
2023-05-16 17:00:00,0.0577,0.2616,5.5
2023-05-16 18:00:00,0.0712,0.2478,5.7
2023-05-16 19:00:00,0.0883,0.2587,5.1
2023-05-17 12:00:00,0.2865,0.4603,9.0
2023-05-18 00:00:00,0.4139,0.5686,9.1
2023-05-18 01:00:00,0.3652,0.5896,9.2
2023-05-19 06:00:00,0.3268,0.478,8.6
2023-05-25 13:00:00,0.0222,0.2873,8.4
2023-05-28 21:00:00,0.4225,0.5831,8.2
2023-05-29 22:00:00,0.1957,0.455,8.0
2023-05-31 16:00:00,0.1274,0.3275,2.6
2023-06-06 04:00:00,0.0359,0.2627,2.5
2023-06-06 05:00:00,0.0345,0.2104,2.4
2023-06-06 07:00:00,0.0469,0.2959,2.2
2023-06-07 15:00:00,0.1333,0.4135,7.0
2023-06-10 13:00:00,0.0699,0.2339,7.8
2023-06-10 16:00:00,0.0956,0.2525,7.8
2023-06-17 12:00:00,0.0016,0.4267,8.7
2023-06-19 11:00:00,0.0979,0.3569,7.2
2023-06-19 14:00:00,0.1121,0.3959,7.1
2023-06-20 03:00:00,0.1367,0.4328,6.8
2023-06-20 04:00:00,0.1911,0.4364,7.8
2023-06-20 05:00:00,0.1793,0.3621,6.9
2023-06-20 07:00:00,0.1161,0.3213,4.2
2023-06-20 08:00:00,0.1622,0.4394,6.9
2023-06-20 10:00:00,0.1632,0.4444,6.3
2023-06-20 12:00:00,0.1422,0.3129,4.8
2023-06-20 13:00:00,0.198,0.3705,7.1
2023-06-20 17:00:00,0.1919,0.38,6.2
2023-06-20 21:00:00,0.0775,0.2468,5.4
2023-06-20 22:00:00,0.0425,0.263,6.8
2023-06-21 01:00:00,0.0308,0.2356,6.4
2023-06-21 03:00:00,0.0805,0.2359,9.2
2023-06-21 08:00:00,0.0884,0.2643,8.8
2023-06-21 10:00:00,0.0661,0.2735,8.5
2023-06-21 12:00:00,0.061,0.2271,7.8
2023-06-21 16:00:00,0.2166,0.382,10.6
2023-06-21 17:00:00,0.2419,0.4076,10.5
2023-06-24 11:00:00,0.1142,0.2671,5.0
2023-06-24 14:00:00,0.2433,0.4666,7.8
2023-06-24 15:00:00,0.2225,0.3795,6.7
2023-06-24 16:00:00,0.1368,0.3229,7.0
2023-06-24 17:00:00,0.0921,0.3076,5.9
2023-06-24 19:00:00,0.1695,0.3566,6.4
2023-06-24 20:00:00,0.1443,0.3764,6.0
2023-06-25 12:00:00,0.3047,0.5177,10.8
2023-06-25 15:00:00,0.1048,0.2891,2.8
2023-06-27 00:00:00,0.3903,0.5477,9.1
2023-06-27 05:00:00,0.3121,0.5749,8.8
2023-06-27 06:00:00,0.3191,0.5394,9.0
2023-06-28 07:00:00,0.3113,0.5012,8.6
2023-06-30 16:00:00,0.2294,0.3876,8.8
2023-06-30 17:00:00,0.2794,0.4504,8.6
2023-07-08 06:00:00,0.1691,0.37,7.7
2023-07-09 16:00:00,0.262,0.4752,8.0
2023-07-09 17:00:00,0.0315,0.3352,3.7
2023-07-10 01:00:00,0.2532,0.4466,7.4
2023-07-10 08:00:00,0.0366,0.2663,3.9
2023-07-10 10:00:00,0.0662,0.3918,6.9
2023-07-10 11:00:00,0.1315,0.3769,8.1
2023-07-10 22:00:00,0.1847,0.3926,5.0
2023-07-10 23:00:00,0.1326,0.2942,4.7
2023-07-11 00:00:00,0.1657,0.3831,6.0
2023-07-11 01:00:00,0.1537,0.4295,6.6
2023-07-11 05:00:00,0.3128,0.5043,6.9
2023-07-11 10:00:00,0.3222,0.5062,7.0
2023-07-11 11:00:00,0.328,0.5172,7.8
2023-07-11 17:00:00,0.3438,0.5368,7.8
2023-07-11 18:00:00,0.3334,0.4877,5.6
2023-07-12 01:00:00,0.4316,0.6648,8.8
2023-07-12 06:00:00,0.3625,0.5201,5.3
2023-07-12 07:00:00,0.3938,0.7134,8.7
2023-07-12 08:00:00,0.3653,0.5305,6.1
2023-07-12 16:00:00,0.3254,0.5247,5.2
2023-07-12 17:00:00,0.3079,0.5245,5.5
2023-07-12 18:00:00,0.3267,0.5313,5.8
2023-07-12 22:00:00,0.3833,0.5353,6.5
2023-07-13 00:00:00,0.3408,0.5197,7.0
2023-07-13 01:00:00,0.3984,0.5966,7.4
2023-07-13 03:00:00,0.3455,0.5845,7.3
2023-07-13 05:00:00,0.3931,0.5861,7.4
2023-07-13 06:00:00,0.4168,0.6651,7.5
2023-07-13 07:00:00,0.4409,0.659,8.0
2023-07-13 08:00:00,0.4165,0.5834,7.8
2023-07-13 09:00:00,0.3915,0.6757,8.6
2023-07-13 10:00:00,0.4709,0.641,8.2
2023-07-13 11:00:00,0.4414,0.641,9.0
2023-07-13 22:00:00,0.5072,0.6911,9.6
2023-07-15 07:00:00,0.4268,0.6412,8.9
2023-07-15 08:00:00,0.4714,0.6265,8.7
2023-07-16 16:00:00,0.2417,0.4657,5.9
2023-07-16 17:00:00,0.1467,0.3443,6.5
2023-07-16 18:00:00,0.1794,0.3715,7.8
2023-07-18 16:00:00,0.3552,0.5597,7.9
2023-07-18 22:00:00,0.2258,0.4516,6.7
2023-07-18 23:00:00,0.1908,0.4116,7.5
2023-07-19 00:00:00,0.0454,0.2232,6.3
2023-07-19 01:00:00,0.0485,0.2217,6.5
2023-07-19 02:00:00,0.0798,0.2394,7.2
2023-07-19 08:00:00,0.2452,0.4018,7.7
2023-07-19 14:00:00,0.1462,0.4373,6.6
2023-07-19 16:00:00,0.0603,0.2756,5.6
2023-08-04 13:00:00,0.206,0.3709,8.2
2023-08-10 23:00:00,0.0356,0.2034,9.3
2023-08-11 14:00:00,0.2027,0.3785,6.6
2023-08-11 17:00:00,0.0254,0.2214,8.7
2023-08-22 04:00:00,0.2799,0.4352,8.9
2023-08-23 01:00:00,0.2244,0.4119,8.9
2023-08-23 04:00:00,0.2079,0.4034,8.7
2023-08-24 02:00:00,0.1163,0.3443,8.3
2023-08-28 01:00:00,0.1335,0.3379,3.9
2023-08-28 02:00:00,0.171,0.3475,2.8
2023-08-28 03:00:00,0.1524,0.395,3.7
2023-08-28 04:00:00,0.0923,0.2706,4.0
2023-09-01 19:00:00,0.1068,0.4195,2.6
2023-09-01 21:00:00,0.1082,0.334,3.0
2023-09-01 23:00:00,0.0836,0.3082,3.5
2023-09-02 01:00:00,0.147,0.3142,5.1
2023-09-04 10:00:00,0.1121,0.2884,1.9
2023-09-04 12:00:00,0.072,0.2961,2.3
2023-09-16 13:00:00,0.3745,0.5454,18.5
2023-09-17 01:00:00,0.0457,0.2082,4.8
2023-09-20 08:00:00,0.1591,0.3115,8.6
2023-09-20 09:00:00,0.1984,0.3698,9.3
2023-09-20 22:00:00,0.3621,0.5582,14.9
2023-09-23 17:00:00,0.2105,0.3765,1.4
2023-09-24 08:00:00,0.2532,0.4083,2.5
2023-09-25 12:00:00,0.0937,0.306,3.6
2023-10-01 13:00:00,0.0407,0.3351,8.8
2023-10-04 14:00:00,0.0184,0.2332,7.2
2023-10-05 11:00:00,0.0419,0.3275,10.8
2023-10-05 12:00:00,0.0585,0.4074,11.7
2023-10-05 13:00:00,0.0538,0.3504,11.0
2023-10-05 14:00:00,0.0569,0.449,12.6
2023-10-10 12:00:00,0.0938,0.2857,6.9
2023-10-14 21:00:00,0.3472,0.5167,14.0
2023-10-15 11:00:00,0.0369,0.2908,10.5
2023-10-15 12:00:00,0.03,0.2945,10.6
2023-10-15 13:00:00,0.0337,0.2799,11.7
2023-10-15 14:00:00,0.0321,0.3363,11.7
2023-10-15 15:00:00,0.1229,0.3352,10.1
2023-10-16 00:00:00,0.121,0.2863,9.7
2023-10-17 12:00:00,0.0325,0.212,7.0
2023-10-18 05:00:00,0.0422,0.2064,5.1
2023-10-19 13:00:00,0.0199,0.2055,0.4
2023-10-20 14:00:00,0.3544,0.5236,14.7
2023-10-21 14:00:00,0.0521,0.2124,7.5
2023-10-27 11:00:00,0.0304,0.2976,11.3
2023-10-27 12:00:00,0.0394,0.3405,12.4
2023-10-27 13:00:00,0.0383,0.3874,12.2
2023-10-27 14:00:00,0.0319,0.4327,13.8
2023-10-27 15:00:00,0.1932,0.4243,12.9
2023-11-01 13:00:00,0.0661,0.2217,6.7
2023-11-01 14:00:00,0.0536,0.2461,5.0
2023-11-06 06:00:00,0.3269,0.5799,14.3
2023-11-07 03:00:00,0.4528,0.6065,15.2
2023-11-11 12:00:00,0.1418,0.3596,10.1
2023-11-13 05:00:00,0.4494,0.6397,17.4
2023-11-16 12:00:00,0.247,0.5919,19.4
2023-11-16 13:00:00,0.3762,0.5804,19.3
2023-11-16 23:00:00,0.3592,0.5496,16.1
2023-11-17 12:00:00,0.3848,0.5956,17.4
2023-11-23 13:00:00,0.0969,0.2586,6.6
2023-11-27 10:00:00,0.1721,0.565,14.1
2023-11-27 11:00:00,0.2886,0.5294,14.8
2023-11-29 00:00:00,0.0885,0.2486,5.8
2023-11-29 01:00:00,0.1109,0.2886,8.1
2023-11-29 02:00:00,0.0948,0.2578,9.7
2023-11-29 04:00:00,0.0707,0.2297,8.1
2023-11-29 05:00:00,0.0851,0.2426,8.1
2023-11-30 23:00:00,0.193,0.3803,12.9
2023-12-01 04:00:00,0.1686,0.6047,15.7
2023-12-01 07:00:00,0.3351,0.5827,17.1
2023-12-02 05:00:00,0.0551,0.2056,8.1
2023-12-02 17:00:00,0.0239,0.2132,8.0
2023-12-02 19:00:00,0.1033,0.3167,11.0
2023-12-03 00:00:00,0.2131,0.3657,11.1
2023-12-03 02:00:00,0.1351,0.3238,10.2
2023-12-05 14:00:00,0.0292,0.2024,4.7
2023-12-06 16:00:00,0.4424,0.6515,15.7
2023-12-06 17:00:00,0.4566,0.6412,16.1
2023-12-07 13:00:00,0.0669,0.2635,5.1
2023-12-10 21:00:00,0.1843,0.4591,3.3
2023-12-11 00:00:00,0.1608,0.3347,4.2
2023-12-11 01:00:00,0.157,0.3622,5.0
2023-12-11 02:00:00,0.1649,0.3805,5.3
2023-12-11 04:00:00,0.2461,0.4369,7.1
2023-12-11 15:00:00,0.3483,0.5084,9.3
2023-12-14 03:00:00,0.0546,0.2932,7.1
2023-12-14 05:00:00,0.1057,0.3138,5.9
2023-12-15 06:00:00,0.4239,0.6067,10.1
2023-12-17 11:00:00,0.3097,0.5431,14.4
2023-12-21 01:00:00,0.4447,0.6478,17.1
2023-12-21 02:00:00,0.3317,0.5749,14.5
2023-12-21 14:00:00,0.508,0.6753,15.8
2023-12-21 21:00:00,0.467,0.6735,19.2
2023-12-22 00:00:00,0.2855,0.6547,16.6
2023-12-22 02:00:00,0.3978,0.6099,16.3
2023-12-22 03:00:00,0.5238,0.7344,17.0
2023-12-22 10:00:00,0.3813,0.6521,15.5
2023-12-22 12:00:00,0.437,0.6321,16.0
2023-12-24 02:00:00,0.0395,0.3446,10.4
2023-12-24 03:00:00,0.1027,0.4682,12.6
2023-12-24 04:00:00,0.1249,0.3927,11.9
2023-12-24 06:00:00,0.3532,0.5946,12.6
2023-12-24 07:00:00,0.1317,0.3777,10.1
2023-12-24 08:00:00,0.1512,0.3388,9.3
2023-12-24 10:00:00,0.1681,0.3551,10.2
2023-12-24 11:00:00,0.1156,0.3007,9.9
2023-12-24 13:00:00,0.1841,0.4198,12.1
2023-12-24 22:00:00,0.1143,0.2889,9.3
2023-12-25 01:00:00,0.0897,0.3824,11.5
2023-12-25 02:00:00,0.1203,0.4154,12.4
2023-12-25 04:00:00,0.2156,0.4532,12.1
2023-12-25 05:00:00,0.2324,0.4959,13.2
2023-12-25 06:00:00,0.3043,0.5864,14.0
2023-12-25 08:00:00,0.3045,0.4936,13.4
2023-12-26 04:00:00,0.0193,0.2184,7.5
2023-12-26 05:00:00,0.0222,0.2182,7.7
2023-12-26 06:00:00,0.041,0.2717,8.7
2023-12-26 08:00:00,0.0316,0.2236,8.2
2023-12-30 04:00:00,0.0557,0.2348,6.2
2023-12-30 20:00:00,0.1964,0.3988,8.8
2023-12-30 22:00:00,0.1345,0.2888,9.7
2023-12-30 23:00:00,0.1635,0.3434,11.5
2023-12-31 00:00:00,0.2382,0.5748,14.9
2023-12-31 01:00:00,0.2633,0.6188,15.8
2023-12-31 02:00:00,0.4084,0.6073,16.0
2023-12-31 04:00:00,0.4698,0.7057,15.7
2024-01-04 07:00:00,0.0941,0.2462,7.6
2024-01-05 07:00:00,0.0973,0.2552,9.8
2024-01-05 12:00:00,0.083,0.3063,8.1
2024-01-05 15:00:00,0.102,0.2585,5.9
2024-01-07 01:00:00,0.2476,0.4322,13.2
2024-01-09 20:00:00,0.2772,0.5029,13.2
2024-01-09 21:00:00,0.1814,0.3791,11.4
2024-01-15 13:00:00,0.2984,0.5116,13.4
2024-01-17 17:00:00,0.3731,0.5289,9.0
2024-01-29 22:00:00,0.0461,0.3104,3.1
2024-01-30 17:00:00,0.0605,0.2902,1.8
2024-01-30 21:00:00,0.0945,0.2895,3.8
2024-01-30 22:00:00,0.1055,0.3382,7.2
2024-01-30 23:00:00,0.0969,0.3144,6.2
2024-02-02 14:00:00,0.1237,0.2847,3.8
2024-02-03 04:00:00,0.0929,0.2539,4.2
2024-02-03 06:00:00,0.0762,0.4398,1.0
2024-02-03 07:00:00,0.1003,0.2646,3.2
2024-02-03 08:00:00,0.1532,0.3649,2.7
2024-02-03 09:00:00,0.281,0.4813,6.8
2024-02-03 10:00:00,0.1674,0.4532,7.5
2024-02-03 11:00:00,0.1273,0.3598,3.9
2024-02-03 12:00:00,0.1286,0.3517,5.7
2024-02-03 13:00:00,0.1229,0.3746,2.6
2024-02-03 16:00:00,0.1562,0.4027,0.4
2024-02-03 17:00:00,0.2112,0.3629,0.2
2024-02-04 16:00:00,0.2255,0.4001,8.3
2024-02-05 03:00:00,0.2752,0.5449,8.5
2024-02-05 04:00:00,0.2308,0.3988,6.7
2024-02-05 06:00:00,0.2689,0.4597,11.8
2024-02-05 07:00:00,0.2687,0.6654,15.6
2024-02-05 09:00:00,0.1324,0.3803,12.7
2024-02-05 10:00:00,0.1193,0.3575,13.1
2024-02-10 08:00:00,0.0637,0.2415,10.4
2024-02-10 10:00:00,0.0377,0.2106,7.8
2024-02-11 01:00:00,0.0577,0.234,6.7
2024-02-11 04:00:00,0.1321,0.3332,9.8
2024-02-11 05:00:00,0.1509,0.3191,10.8
2024-02-11 06:00:00,0.1619,0.3193,12.0
2024-02-11 12:00:00,0.3835,0.6171,14.9
2024-02-13 09:00:00,0.3291,0.5867,9.2
2024-02-13 16:00:00,0.2879,0.4768,7.9
2024-02-14 13:00:00,0.2242,0.3772,7.6
2024-02-15 10:00:00,0.055,0.2334,9.7
2024-02-16 10:00:00,0.0681,0.2912,3.3
2024-02-17 14:00:00,0.0279,0.2577,6.6
2024-02-19 01:00:00,0.4937,0.728,11.8
2024-02-19 02:00:00,0.5379,0.7297,11.7
2024-02-19 07:00:00,0.5602,0.7411,14.7
2024-02-19 08:00:00,0.4986,0.7548,15.4
2024-02-19 09:00:00,0.3353,0.7235,15.3
2024-02-19 10:00:00,0.2826,0.5601,12.9
2024-02-19 11:00:00,0.2215,0.3819,9.9
2024-02-19 14:00:00,0.1939,0.3765,9.1
2024-02-19 15:00:00,0.0866,0.3045,8.2
2024-02-19 17:00:00,0.2348,0.6884,11.4
2024-02-19 21:00:00,0.4078,0.5686,9.1
2024-02-19 22:00:00,0.1629,0.3711,7.3
2024-02-20 02:00:00,0.391,0.5873,9.4
2024-02-20 03:00:00,0.2711,0.462,6.4
2024-02-20 04:00:00,0.1856,0.3491,6.6
2024-02-20 08:00:00,0.0778,0.3013,7.3
2024-02-20 15:00:00,0.0709,0.2777,1.5
2024-02-20 16:00:00,0.1561,0.3866,3.7
2024-02-20 17:00:00,0.2671,0.5142,3.1
2024-02-20 18:00:00,0.3102,0.4887,3.0
2024-02-21 21:00:00,0.2255,0.5269,7.1
2024-02-21 22:00:00,0.1902,0.4602,6.9
2024-02-22 03:00:00,0.2986,0.4786,2.8
2024-02-23 18:00:00,0.2572,0.438,2.9
2024-02-24 17:00:00,0.2183,0.4056,0.6
2024-02-26 14:00:00,0.1679,0.3915,8.4
2024-02-27 00:00:00,0.0626,0.2883,4.0
2024-02-27 02:00:00,0.0619,0.3593,3.8
2024-02-27 05:00:00,0.1064,0.2666,2.6
2024-02-27 08:00:00,0.2151,0.4631,3.0
2024-02-28 21:00:00,0.208,0.3954,4.7
2024-03-02 19:00:00,0.1205,0.2891,8.9
2024-03-02 20:00:00,0.1121,0.376,9.9
2024-03-03 00:00:00,0.1346,0.2905,9.9
2024-03-03 03:00:00,0.1683,0.4451,11.3
2024-03-03 04:00:00,0.1648,0.4131,11.0
2024-03-03 05:00:00,0.1308,0.3973,10.6
2024-03-03 06:00:00,0.1593,0.362,9.8
2024-03-03 07:00:00,0.1232,0.2898,9.6
2024-03-03 08:00:00,0.0959,0.2622,8.3
2024-03-03 11:00:00,0.137,0.3798,11.2
2024-03-03 13:00:00,0.157,0.4421,11.0
2024-03-03 14:00:00,0.0763,0.35,8.9
2024-03-03 15:00:00,0.2062,0.37,10.8
2024-03-03 17:00:00,0.1598,0.4498,10.8
2024-03-03 18:00:00,0.1098,0.3909,10.3
2024-03-03 19:00:00,0.1147,0.2766,7.4
2024-03-04 19:00:00,0.2465,0.5221,5.9
2024-03-04 20:00:00,0.1519,0.6014,7.0
2024-03-04 21:00:00,0.1725,0.4381,6.2
2024-03-04 22:00:00,0.203,0.4633,5.0
2024-03-05 01:00:00,0.2525,0.4203,1.0
2024-03-07 12:00:00,0.148,0.4001,9.4
2024-03-09 13:00:00,0.0249,0.2198,7.2
2024-03-09 14:00:00,0.0229,0.234,7.6
2024-03-11 09:00:00,0.3272,0.5513,8.1
2024-03-11 10:00:00,0.2125,0.5401,8.3
2024-03-11 11:00:00,0.2353,0.3959,8.2
2024-03-11 14:00:00,0.1777,0.4968,10.8
2024-03-12 07:00:00,0.0962,0.2597,6.6
2024-03-13 15:00:00,0.0832,0.3776,7.2
2024-03-13 16:00:00,0.078,0.2813,6.1
2024-03-13 21:00:00,0.1561,0.4697,5.0
2024-03-13 22:00:00,0.1517,0.472,6.1
2024-03-14 02:00:00,0.077,0.2624,5.3
2024-03-14 03:00:00,0.0742,0.2851,4.3
2024-03-14 14:00:00,0.0272,0.3348,2.9
2024-03-14 15:00:00,0.0154,0.2572,3.6
2024-03-14 21:00:00,0.0099,0.2387,1.7
2024-03-14 23:00:00,0.0344,0.2757,3.2
2024-03-15 16:00:00,0.0179,0.2775,4.5
2024-03-16 11:00:00,0.0577,0.2083,7.0
2024-03-16 20:00:00,0.1666,0.3494,7.3
2024-03-18 17:00:00,0.0673,0.2682,3.7
2024-03-19 13:00:00,0.0452,0.3141,12.6
2024-03-19 14:00:00,0.0998,0.3719,13.7
2024-03-19 15:00:00,0.2872,0.58,15.5
2024-03-20 13:00:00,0.0888,0.4659,14.7
2024-03-20 14:00:00,0.2211,0.4095,14.0
2024-03-22 11:00:00,0.2485,0.5083,12.6
2024-03-22 12:00:00,0.0283,0.4962,12.8
2024-03-22 13:00:00,0.1484,0.4936,12.7
2024-03-26 18:00:00,0.3195,0.508,8.3
2024-03-26 19:00:00,0.1577,0.3634,6.8
2024-03-26 20:00:00,0.1728,0.3828,5.3
2024-03-26 21:00:00,0.1589,0.3627,4.4
2024-03-26 22:00:00,0.0805,0.2404,4.7
2024-03-27 14:00:00,0.0858,0.3252,8.2
2024-03-27 15:00:00,0.081,0.3206,7.7
2024-03-27 20:00:00,0.0814,0.2813,6.0
2024-03-28 00:00:00,0.2509,0.4481,7.3
2024-03-28 01:00:00,0.1531,0.3729,6.9
2024-03-29 02:00:00,0.2302,0.4294,9.2
2024-03-29 03:00:00,0.1975,0.4091,8.3
2024-03-29 11:00:00,0.0884,0.4486,8.4
2024-03-29 12:00:00,0.0341,0.4387,8.5
2024-03-29 13:00:00,0.0506,0.4342,8.5
2024-03-30 10:00:00,0.2462,0.5018,9.2
2024-03-30 11:00:00,0.1025,0.494,9.4
2024-03-30 12:00:00,0.0374,0.4974,9.7
2024-03-30 13:00:00,0.0335,0.4499,8.7
2024-03-30 14:00:00,0.0297,0.4555,7.5
2024-03-30 15:00:00,0.033,0.5082,8.0
2024-03-30 16:00:00,0.2541,0.4726,6.9
2024-03-30 17:00:00,0.231,0.4498,5.9
2024-03-30 18:00:00,0.2208,0.3787,5.0
2024-03-30 19:00:00,0.1845,0.3481,4.1
2024-04-03 19:00:00,0.1068,0.3585,10.7
2024-04-03 20:00:00,0.2026,0.5248,13.0
2024-04-03 21:00:00,0.2659,0.4499,12.9
2024-04-06 08:00:00,0.0777,0.267,5.5
2024-04-06 17:00:00,0.0402,0.2146,6.7
2024-04-08 23:00:00,0.1535,0.3108,9.8
2024-04-09 05:00:00,0.0423,0.2017,7.1
2024-04-09 22:00:00,0.1008,0.27,5.1
2024-04-10 02:00:00,0.0575,0.264,4.5
2024-04-16 10:00:00,0.0306,0.201,6.0
2024-04-16 20:00:00,0.2655,0.4161,5.7
2024-04-18 04:00:00,0.1999,0.4078,6.0
2024-04-18 12:00:00,0.027,0.2418,8.6
2024-04-18 13:00:00,0.0319,0.2864,8.5
2024-04-19 17:00:00,0.0432,0.2651,6.7
2024-04-20 04:00:00,0.2252,0.3837,8.0
2024-04-20 22:00:00,0.0841,0.3712,7.3
2024-04-20 23:00:00,0.0463,0.2353,6.6
2024-04-21 01:00:00,0.0448,0.2144,5.2
2024-04-21 03:00:00,0.0284,0.2321,6.0
2024-04-24 07:00:00,0.1053,0.3032,10.1
2024-04-24 08:00:00,0.2644,0.4212,12.4
2024-04-24 11:00:00,0.0576,0.2358,9.2
2024-04-24 12:00:00,0.0268,0.2818,8.7
2024-04-24 13:00:00,0.035,0.3916,9.9
2024-04-25 13:00:00,0.0025,0.3335,4.2
2024-04-25 14:00:00,0.0262,0.3296,4.0
2024-04-25 15:00:00,0.0197,0.2418,3.5
2024-04-28 11:00:00,0.0876,0.2899,8.0
2024-04-28 13:00:00,0.061,0.2305,7.5
2024-04-28 14:00:00,0.0274,0.3068,8.4
2024-04-29 03:00:00,0.1545,0.4536,0.0
2024-04-29 06:00:00,0.0622,0.365,0.0
2024-04-30 00:00:00,0.235,0.4118,7.9
2024-04-30 01:00:00,0.206,0.4021,7.4
2024-04-30 02:00:00,0.0967,0.3346,5.9
2024-04-30 06:00:00,0.1093,0.3394,7.8
2024-05-01 02:00:00,0.1046,0.3635,7.0
2024-05-01 06:00:00,0.1651,0.3293,5.9
2024-05-07 10:00:00,0.2446,0.3952,10.6
2024-05-07 11:00:00,0.0469,0.373,11.7
2024-05-07 12:00:00,0.0904,0.3525,11.3
2024-05-07 13:00:00,0.0282,0.3587,11.5
2024-05-07 14:00:00,0.2331,0.4031,11.5
2024-05-08 04:00:00,0.2073,0.4768,12.0
2024-05-08 05:00:00,0.1546,0.4078,10.1
2024-05-08 06:00:00,0.1441,0.4003,10.3
2024-05-10 11:00:00,0.0998,0.3456,7.3
2024-05-10 12:00:00,0.0143,0.3494,7.4
2024-05-10 13:00:00,0.0144,0.3411,7.3
2024-05-10 14:00:00,0.057,0.2899,6.5
2024-05-10 15:00:00,0.2199,0.3954,7.1
2024-05-13 13:00:00,0.0422,0.2074,8.3
2024-05-13 16:00:00,0.0509,0.2098,6.7
2024-05-13 23:00:00,0.0191,0.2136,3.1
2024-05-15 06:00:00,0.0411,0.287,2.9
2024-05-15 14:00:00,0.1319,0.4001,11.1
2024-05-16 10:00:00,0.2283,0.4034,11.8
2024-05-16 11:00:00,0.051,0.4542,13.1
2024-05-16 12:00:00,0.0187,0.5903,15.8
2024-05-16 13:00:00,0.017,0.4624,13.8
2024-05-16 14:00:00,0.0311,0.4964,13.8
2024-05-16 15:00:00,0.2262,0.6201,14.4
2024-05-17 10:00:00,0.0119,0.5454,7.8
2024-05-17 11:00:00,0.0235,0.5995,9.7
2024-05-17 12:00:00,0.0465,0.5706,9.5
2024-05-17 13:00:00,0.0358,0.5059,8.0
2024-05-17 14:00:00,0.0294,0.4731,6.9
2024-05-17 15:00:00,0.1876,0.5115,8.3
2024-05-17 17:00:00,0.2803,0.5768,7.5
2024-05-21 08:00:00,0.0312,0.3374,4.4
2024-05-25 13:00:00,0.026,0.2249,3.9
2024-05-25 14:00:00,0.0288,0.3038,4.5
2024-05-26 21:00:00,0.2163,0.4013,4.7
2024-05-28 12:00:00,0.0316,0.3339,10.9
2024-05-28 13:00:00,0.0183,0.251,11.3
2024-05-28 14:00:00,0.0358,0.2562,10.1
2024-06-01 13:00:00,0.0278,0.2341,9.2
2024-06-01 14:00:00,0.0331,0.2642,9.2
2024-06-02 21:00:00,0.2253,0.4623,4.3
2024-06-02 23:00:00,0.2062,0.4051,3.4
2024-06-03 00:00:00,0.21,0.4497,3.7
2024-06-03 01:00:00,0.1713,0.3923,3.8
2024-06-03 02:00:00,0.1513,0.3368,3.7
2024-06-03 03:00:00,0.1433,0.3522,2.6
2024-06-03 14:00:00,0.0413,0.2074,7.0
2024-06-09 10:00:00,0.1746,0.3345,7.4
2024-06-10 15:00:00,0.0557,0.2468,4.3
2024-06-19 11:00:00,0.1328,0.3753,7.2
2024-06-19 12:00:00,0.1524,0.4198,7.7
2024-06-19 15:00:00,0.1407,0.3453,5.2
2024-06-19 18:00:00,0.0966,0.3052,4.4
2024-06-19 20:00:00,0.1887,0.3682,7.3
2024-06-19 21:00:00,0.1478,0.4718,7.0
2024-06-20 00:00:00,0.2276,0.4333,7.6
2024-06-20 05:00:00,0.1728,0.3409,6.0
2024-06-20 06:00:00,0.3124,0.5461,7.2
2024-06-20 07:00:00,0.2705,0.4209,7.6
2024-06-20 14:00:00,0.2993,0.4827,6.5
2024-06-20 17:00:00,0.3566,0.5801,7.2
2024-06-20 18:00:00,0.1786,0.4307,4.4
2024-06-21 12:00:00,0.0206,0.2571,6.8
2024-06-21 13:00:00,0.049,0.406,8.6
2024-06-21 14:00:00,0.0973,0.254,6.6
2024-06-21 16:00:00,0.034,0.2073,5.7
2024-06-22 18:00:00,0.4288,0.662,9.2
2024-06-22 19:00:00,0.4669,0.6607,8.9
2024-06-22 22:00:00,0.3661,0.5199,7.3
2024-06-23 01:00:00,0.3635,0.6495,9.0
2024-06-23 02:00:00,0.2787,0.521,8.8
2024-06-23 03:00:00,0.3502,0.5873,8.6
2024-06-24 06:00:00,0.0669,0.2647,4.9
2024-07-08 06:00:00,0.3651,0.5254,6.7
2024-07-08 17:00:00,0.3104,0.4882,6.6
2024-07-09 00:00:00,0.4032,0.5643,7.8
2024-07-09 01:00:00,0.4105,0.6324,9.0
2024-07-09 02:00:00,0.3785,0.6387,9.1
2024-07-09 03:00:00,0.3493,0.5736,7.6
2024-07-09 05:00:00,0.3698,0.6296,8.6
2024-07-10 10:00:00,0.2117,0.3872,7.8
2024-07-10 12:00:00,0.067,0.2647,4.9
2024-07-10 21:00:00,0.1349,0.3407,9.1
2024-07-11 14:00:00,0.0574,0.2099,5.4
2024-07-12 11:00:00,0.0042,0.2023,2.8
2024-07-14 02:00:00,0.0377,0.2014,3.8
2024-07-14 05:00:00,0.0791,0.2797,3.2
2024-07-14 08:00:00,0.123,0.321,3.6
2024-07-14 09:00:00,0.1425,0.4402,4.6
2024-07-15 14:00:00,0.0457,0.2058,5.4
2024-07-15 19:00:00,0.1102,0.2876,5.6
2024-07-16 19:00:00,0.2935,0.4654,7.3
2024-07-16 22:00:00,0.3671,0.6335,8.7
2024-07-17 01:00:00,0.418,0.5725,8.0
2024-07-18 14:00:00,0.3434,0.5498,8.2
2024-07-18 16:00:00,0.168,0.3387,6.0
2024-07-18 19:00:00,0.054,0.2875,7.1
2024-07-18 22:00:00,0.0226,0.2576,4.2
2024-07-18 23:00:00,0.187,0.3874,5.9
2024-07-19 12:00:00,0.1972,0.4236,7.8
2024-07-20 12:00:00,0.3899,0.543,8.8
2024-07-21 11:00:00,0.1642,0.3307,4.8
2024-07-21 13:00:00,0.3262,0.5368,8.8
2024-07-21 16:00:00,0.3076,0.5373,8.2
2024-07-21 17:00:00,0.2014,0.4695,7.0
2024-07-21 18:00:00,0.1783,0.4899,7.2
2024-07-21 19:00:00,0.2198,0.407,7.3
2024-07-22 11:00:00,0.3857,0.5664,9.4
2024-07-22 13:00:00,0.3196,0.5443,8.8
2024-07-22 15:00:00,0.262,0.4195,7.3
2024-07-24 08:00:00,0.1771,0.3271,7.2
2024-07-24 15:00:00,0.2979,0.5038,8.2
2024-07-28 17:00:00,0.1385,0.3259,7.5
2024-07-29 12:00:00,0.1363,0.3105,4.0
2024-07-31 14:00:00,0.1482,0.2993,5.9
2024-08-01 12:00:00,0.1657,0.3422,6.4
2024-08-21 23:00:00,0.2454,0.4094,8.8
2024-08-31 20:00:00,0.1043,0.2562,4.7
2024-09-10 22:00:00,0.3106,0.4708,9.2
2024-09-12 01:00:00,0.1939,0.4533,11.9
2024-09-16 05:00:00,0.1578,0.3558,4.7
2024-09-16 06:00:00,0.1541,0.4114,3.9
2024-09-16 08:00:00,0.1487,0.3059,3.8
2024-09-19 05:00:00,0.0984,0.2984,4.2
2024-09-19 06:00:00,0.1064,0.2839,5.0
2024-09-30 15:00:00,0.0535,0.2632,3.7
2024-10-09 21:00:00,0.0791,0.37,3.6
2024-10-09 22:00:00,0.1431,0.342,3.2
2024-10-11 10:00:00,0.0783,0.2315,7.9
2024-10-17 22:00:00,0.1658,0.3175,5.7
2024-10-17 23:00:00,0.1601,0.3467,5.3
2024-10-18 01:00:00,0.1125,0.3233,4.2
2024-10-18 08:00:00,0.3378,0.4958,9.2
2024-10-22 01:00:00,0.0927,0.3622,5.5
2024-10-22 15:00:00,0.0428,0.239,9.7
2024-10-22 16:00:00,0.0798,0.2503,9.8
2024-10-22 17:00:00,0.1507,0.3032,10.8
2024-10-24 13:00:00,0.0469,0.248,7.8
2024-10-24 14:00:00,0.1092,0.272,9.3
2024-11-06 13:00:00,0.0943,0.2974,8.8
2024-11-24 17:00:00,0.0402,0.2104,2.6
2024-11-24 18:00:00,0.0418,0.2424,4.1
2024-11-24 21:00:00,0.0549,0.2142,5.3
2024-11-25 05:00:00,0.1378,0.315,4.5
2024-11-25 06:00:00,0.2471,0.4145,5.4
2024-11-25 07:00:00,0.2,0.4527,4.8
2024-11-25 08:00:00,0.2412,0.4551,4.1
2024-11-25 09:00:00,0.2228,0.4478,4.7
2024-11-25 10:00:00,0.1763,0.4173,7.0
2024-11-25 12:00:00,0.2558,0.4359,7.8
2024-11-25 16:00:00,0.2595,0.4696,10.9
2024-11-27 08:00:00,0.3542,0.6873,16.5
2024-11-28 07:00:00,0.3605,0.5232,14.0
2024-11-28 11:00:00,0.4433,0.6111,19.2
2024-11-28 12:00:00,0.3801,0.5846,14.6
2024-12-01 13:00:00,0.0695,0.2196,7.9
2024-12-04 14:00:00,0.2613,0.4127,10.1
2024-12-05 12:00:00,0.2072,0.3972,10.6
2024-12-07 17:00:00,0.3394,0.5858,14.4
2024-12-09 03:00:00,0.1324,0.3279,11.3
2024-12-09 12:00:00,0.1023,0.2724,9.8
2024-12-10 02:00:00,0.1355,0.4012,9.5
2024-12-13 14:00:00,0.3854,0.6009,14.7
2024-12-13 18:00:00,0.3936,0.6098,17.0
2024-12-16 04:00:00,0.2809,0.4504,13.4
2024-12-16 07:00:00,0.1641,0.3787,12.1
2024-12-16 08:00:00,0.1588,0.3349,11.7
2024-12-16 10:00:00,0.0955,0.3076,11.2
2024-12-18 03:00:00,0.1673,0.405,4.6
2024-12-19 19:00:00,0.0782,0.2407,2.3
2024-12-20 06:00:00,0.055,0.351,2.8
2024-12-20 19:00:00,0.1004,0.2807,3.4
2024-12-21 00:00:00,0.1649,0.3497,11.8
2024-12-23 22:00:00,0.2453,0.4099,11.0
2024-12-24 02:00:00,0.2443,0.4198,12.4
2024-12-26 03:00:00,0.2285,0.4043,11.4
2024-12-26 04:00:00,0.2736,0.6408,13.9
2024-12-29 04:00:00,0.265,0.4768,12.9
2024-12-29 07:00:00,0.1966,0.3687,10.4
2024-12-29 09:00:00,0.0967,0.2572,8.7
2024-12-29 16:00:00,0.0422,0.2065,4.0
2024-12-30 02:00:00,0.1199,0.3204,7.5
2024-12-30 09:00:00,0.2212,0.3735,8.4
2024-12-30 12:00:00,0.1029,0.3163,7.4
2024-12-30 17:00:00,0.2152,0.3972,8.3
2024-12-30 23:00:00,0.2965,0.4718,12.2
2024-12-31 03:00:00,0.4859,0.6428,14.1
